,Domain.Code,Domain,AreaCode,AreaName,ElementCode,ElementName,ItemCode,ItemName,Year,Production in tonnes,Flag,FlagD
1,QC,Crops,100,India,5419,Yield,15,Cereals,1994,23796,Fc,Calculated data
2,QC,Crops,100,India,5419,Yield,15,Cereals,1995,25590,Fc,Calculated data
3,QC,Crops,100,India,5419,Yield,15,Cereals,1996,24828,Fc,Calculated data
4,QC,Crops,100,India,5419,Yield,15,Cereals,1997,26789,Fc,Calculated data
5,QC,Crops,100,India,5419,Yield,15,Cereals,1998,24852,Fc,Calculated data
6,QC,Crops,100,India,5419,Yield,15,Cereals,1999,25901,Fc,Calculated data
7,QC,Crops,100,India,5419,Yield,15,Cereals,2000,27785,Fc,Calculated data
8,QC,Crops,100,India,5419,Yield,15,Cereals,2001,27081,Fc,Calculated data
9,QC,Crops,100,India,5419,Yield,15,Cereals,2002,27621,Fc,Calculated data
10,QC,Crops,100,India,5419,Yield,15,Cereals,2003,26100,Fc,Calculated data
11,QC,Crops,100,India,5419,Yield,15,Cereals,2004,27132,Fc,Calculated data
12,QC,Crops,100,India,5419,Yield,15,Cereals,2005,26016,Fc,Calculated data
13,QC,Crops,100,India,5419,Yield,15,Cereals,2006,26188,Fc,Calculated data
14,QC,Crops,100,India,5419,Yield,15,Cereals,2007,27079,Fc,Calculated data
15,QC,Crops,100,India,5419,Yield,15,Cereals,2008,28022,Fc,Calculated data
16,QC,Crops,100,India,5419,Yield,15,Cereals,2009,29071,Fc,Calculated data
17,QC,Crops,100,India,5419,Yield,15,Cereals,2010,28395,Fc,Calculated data
18,QC,Crops,100,India,5419,Yield,15,Cereals,2011,29886,Fc,Calculated data
19,QC,Crops,100,India,5419,Yield,15,Cereals,2012,31775,Fc,Calculated data
20,QC,Crops,100,India,5419,Yield,15,Cereals,2013,31538,Fc,Calculated data
21,QC,Crops,100,India,5419,Yield,15,Cereals,2014,30295,Fc,Calculated data
22,QC,Crops,100,India,5419,Yield,27,Cereals,1994,28645,Fc,Calculated data
23,QC,Crops,100,India,5419,Yield,27,Cereals,1995,26972,Fc,Calculated data
24,QC,Crops,100,India,5419,Yield,27,Cereals,1996,28226,Fc,Calculated data
25,QC,Crops,100,India,5419,Yield,27,Cereals,1997,28457,Fc,Calculated data
26,QC,Crops,100,India,5419,Yield,27,Cereals,1998,28805,Fc,Calculated data
27,QC,Crops,100,India,5419,Yield,27,Cereals,1999,29782,Fc,Calculated data
28,QC,Crops,100,India,5419,Yield,27,Cereals,2000,28508,Fc,Calculated data
29,QC,Crops,100,India,5419,Yield,27,Cereals,2001,31158,Fc,Calculated data
30,QC,Crops,100,India,5419,Yield,27,Cereals,2002,26163,Fc,Calculated data
31,QC,Crops,100,India,5419,Yield,27,Cereals,2003,31177,Fc,Calculated data
32,QC,Crops,100,India,5419,Yield,27,Cereals,2004,29756,Fc,Calculated data
33,QC,Crops,100,India,5419,Yield,27,Cereals,2005,31537,Fc,Calculated data
34,QC,Crops,100,India,5419,Yield,27,Cereals,2006,31759,Fc,Calculated data
35,QC,Crops,100,India,5419,Yield,27,Cereals,2007,32924,Fc,Calculated data
36,QC,Crops,100,India,5419,Yield,27,Cereals,2008,32509,Fc,Calculated data
37,QC,Crops,100,India,5419,Yield,27,Cereals,2009,32366,Fc,Calculated data
38,QC,Crops,100,India,5419,Yield,27,Cereals,2010,33587,Fc,Calculated data
39,QC,Crops,100,India,5419,Yield,27,Cereals,2011,35878,Fc,Calculated data
40,QC,Crops,100,India,5419,Yield,27,Cereals,2012,36912,Fc,Calculated data
41,QC,Crops,100,India,5419,Yield,27,Cereals,2013,36223,Fc,Calculated data
42,QC,Crops,100,India,5419,Yield,27,Cereals,2014,36221,Fc,Calculated data
43,QC,Crops,100,India,5419,Yield,44,Coarse Grains,1994,16531,Fc,Calculated data
44,QC,Crops,100,India,5419,Yield,44,Coarse Grains,1995,14403,Fc,Calculated data
45,QC,Crops,100,India,5419,Yield,44,Coarse Grains,1996,18325,Fc,Calculated data
46,QC,Crops,100,India,5419,Yield,44,Coarse Grains,1997,19303,Fc,Calculated data
47,QC,Crops,100,India,5419,Yield,44,Coarse Grains,1998,19578,Fc,Calculated data
48,QC,Crops,100,India,5419,Yield,44,Coarse Grains,1999,19397,Fc,Calculated data
49,QC,Crops,100,India,5419,Yield,44,Coarse Grains,2000,19972,Fc,Calculated data
50,QC,Crops,100,India,5419,Yield,44,Coarse Grains,2001,18400,Fc,Calculated data
51,QC,Crops,100,India,5419,Yield,44,Coarse Grains,2002,21600,Fc,Calculated data
52,QC,Crops,100,India,5419,Yield,44,Coarse Grains,2003,20060,Fc,Calculated data
53,QC,Crops,100,India,5419,Yield,44,Coarse Grains,2004,19750,Fc,Calculated data
54,QC,Crops,100,India,5419,Yield,44,Coarse Grains,2005,19580,Fc,Calculated data
55,QC,Crops,100,India,5419,Yield,44,Coarse Grains,2006,19378,Fc,Calculated data
56,QC,Crops,100,India,5419,Yield,44,Coarse Grains,2007,20582,Fc,Calculated data
57,QC,Crops,100,India,5419,Yield,44,Coarse Grains,2008,19914,Fc,Calculated data
58,QC,Crops,100,India,5419,Yield,44,Coarse Grains,2009,23935,Fc,Calculated data
59,QC,Crops,100,India,5419,Yield,44,Coarse Grains,2010,21717,Fc,Calculated data
60,QC,Crops,100,India,5419,Yield,44,Coarse Grains,2011,23574,Fc,Calculated data
61,QC,Crops,100,India,5419,Yield,44,Coarse Grains,2012,21039,Fc,Calculated data
62,QC,Crops,100,India,5419,Yield,44,Coarse Grains,2013,22436,Fc,Calculated data
63,QC,Crops,100,India,5419,Yield,44,Coarse Grains,2014,22593,Fc,Calculated data
64,QC,Crops,100,India,5419,Yield,56,Coarse Grains,1994,14480,Fc,Calculated data
65,QC,Crops,100,India,5419,Yield,56,Coarse Grains,1995,15946,Fc,Calculated data
66,QC,Crops,100,India,5419,Yield,56,Coarse Grains,1996,17094,Fc,Calculated data
67,QC,Crops,100,India,5419,Yield,56,Coarse Grains,1997,17111,Fc,Calculated data
68,QC,Crops,100,India,5419,Yield,56,Coarse Grains,1998,17969,Fc,Calculated data
69,QC,Crops,100,India,5419,Yield,56,Coarse Grains,1999,17922,Fc,Calculated data
70,QC,Crops,100,India,5419,Yield,56,Coarse Grains,2000,18216,Fc,Calculated data
71,QC,Crops,100,India,5419,Yield,56,Coarse Grains,2001,19996,Fc,Calculated data
72,QC,Crops,100,India,5419,Yield,56,Coarse Grains,2002,16807,Fc,Calculated data
73,QC,Crops,100,India,5419,Yield,56,Coarse Grains,2003,20405,Fc,Calculated data
74,QC,Crops,100,India,5419,Yield,56,Coarse Grains,2004,19073,Fc,Calculated data
75,QC,Crops,100,India,5419,Yield,56,Coarse Grains,2005,19385,Fc,Calculated data
76,QC,Crops,100,India,5419,Yield,56,Coarse Grains,2006,19125,Fc,Calculated data
77,QC,Crops,100,India,5419,Yield,56,Coarse Grains,2007,23352,Fc,Calculated data
78,QC,Crops,100,India,5419,Yield,56,Coarse Grains,2008,24140,Fc,Calculated data
79,QC,Crops,100,India,5419,Yield,56,Coarse Grains,2009,20238,Fc,Calculated data
80,QC,Crops,100,India,5419,Yield,56,Coarse Grains,2010,25401,Fc,Calculated data
81,QC,Crops,100,India,5419,Yield,56,Coarse Grains,2011,24784,Fc,Calculated data
82,QC,Crops,100,India,5419,Yield,56,Coarse Grains,2012,25557,Fc,Calculated data
83,QC,Crops,100,India,5419,Yield,56,Coarse Grains,2013,24698,Fc,Calculated data
84,QC,Crops,100,India,5419,Yield,56,Coarse Grains,2014,27523,Fc,Calculated data
85,QC,Crops,100,India,5419,Yield,79,Coarse Grains,1994,7475,Fc,Calculated data
86,QC,Crops,100,India,5419,Yield,79,Coarse Grains,1995,6790,Fc,Calculated data
87,QC,Crops,100,India,5419,Yield,79,Coarse Grains,1996,8186,Fc,Calculated data
88,QC,Crops,100,India,5419,Yield,79,Coarse Grains,1997,8073,Fc,Calculated data
89,QC,Crops,100,India,5419,Yield,79,Coarse Grains,1998,8155,Fc,Calculated data
90,QC,Crops,100,India,5419,Yield,79,Coarse Grains,1999,7277,Fc,Calculated data
91,QC,Crops,100,India,5419,Yield,79,Coarse Grains,2000,7745,Fc,Calculated data
92,QC,Crops,100,India,5419,Yield,79,Coarse Grains,2001,8998,Fc,Calculated data
93,QC,Crops,100,India,5419,Yield,79,Coarse Grains,2002,6271,Fc,Calculated data
94,QC,Crops,100,India,5419,Yield,79,Coarse Grains,2003,10868,Fc,Calculated data
95,QC,Crops,100,India,5419,Yield,79,Coarse Grains,2004,9121,Fc,Calculated data
96,QC,Crops,100,India,5419,Yield,79,Coarse Grains,2005,8629,Fc,Calculated data
97,QC,Crops,100,India,5419,Yield,79,Coarse Grains,2006,8804,Fc,Calculated data
98,QC,Crops,100,India,5419,Yield,79,Coarse Grains,2007,10836,Fc,Calculated data
99,QC,Crops,100,India,5419,Yield,79,Coarse Grains,2008,10301,Fc,Calculated data
100,QC,Crops,100,India,5419,Yield,79,Coarse Grains,2009,7977,Fc,Calculated data
101,QC,Crops,100,India,5419,Yield,79,Coarse Grains,2010,11273,Fc,Calculated data
102,QC,Crops,100,India,5419,Yield,79,Coarse Grains,2011,11854,Fc,Calculated data
103,QC,Crops,100,India,5419,Yield,79,Coarse Grains,2012,11813,Fc,Calculated data
104,QC,Crops,100,India,5419,Yield,79,Coarse Grains,2013,11859,Fc,Calculated data
105,QC,Crops,100,India,5419,Yield,79,Coarse Grains,2014,12977,Fc,Calculated data
106,QC,Crops,100,India,5419,Yield,83,Coarse Grains,1994,7786,Fc,Calculated data
107,QC,Crops,100,India,5419,Yield,83,Coarse Grains,1995,8235,Fc,Calculated data
108,QC,Crops,100,India,5419,Yield,83,Coarse Grains,1996,9591,Fc,Calculated data
109,QC,Crops,100,India,5419,Yield,83,Coarse Grains,1997,6920,Fc,Calculated data
110,QC,Crops,100,India,5419,Yield,83,Coarse Grains,1998,8592,Fc,Calculated data
111,QC,Crops,100,India,5419,Yield,83,Coarse Grains,1999,8472,Fc,Calculated data
112,QC,Crops,100,India,5419,Yield,83,Coarse Grains,2000,7639,Fc,Calculated data
113,QC,Crops,100,India,5419,Yield,83,Coarse Grains,2001,7715,Fc,Calculated data
114,QC,Crops,100,India,5419,Yield,83,Coarse Grains,2002,7602,Fc,Calculated data
115,QC,Crops,100,India,5419,Yield,83,Coarse Grains,2003,7540,Fc,Calculated data
116,QC,Crops,100,India,5419,Yield,83,Coarse Grains,2004,7161,Fc,Calculated data
117,QC,Crops,100,India,5419,Yield,83,Coarse Grains,2005,7968,Fc,Calculated data
118,QC,Crops,100,India,5419,Yield,83,Coarse Grains,2006,8803,Fc,Calculated data
119,QC,Crops,100,India,5419,Yield,83,Coarse Grains,2007,8443,Fc,Calculated data
120,QC,Crops,100,India,5419,Yield,83,Coarse Grains,2008,10209,Fc,Calculated data
121,QC,Crops,100,India,5419,Yield,83,Coarse Grains,2009,9621,Fc,Calculated data
122,QC,Crops,100,India,5419,Yield,83,Coarse Grains,2010,8602,Fc,Calculated data
123,QC,Crops,100,India,5419,Yield,83,Coarse Grains,2011,9487,Fc,Calculated data
124,QC,Crops,100,India,5419,Yield,83,Coarse Grains,2012,9568,Fc,Calculated data
125,QC,Crops,100,India,5419,Yield,83,Coarse Grains,2013,8544,Fc,Calculated data
126,QC,Crops,100,India,5419,Yield,83,Coarse Grains,2014,9261,Fc,Calculated data
127,QC,Crops,100,India,5419,Yield,176,Vegetables,1994,3657,Fc,Calculated data
128,QC,Crops,100,India,5419,Yield,176,Vegetables,1995,4391,Fc,Calculated data
129,QC,Crops,100,India,5419,Yield,176,Vegetables,1996,4168,Fc,Calculated data
130,QC,Crops,100,India,5419,Yield,176,Vegetables,1997,3511,Fc,Calculated data
131,QC,Crops,100,India,5419,Yield,176,Vegetables,1998,3459,Fc,Calculated data
132,QC,Crops,100,India,5419,Yield,176,Vegetables,1999,4800,Fc,Calculated data
133,QC,Crops,100,India,5419,Yield,176,Vegetables,2000,4871,Fc,Calculated data
134,QC,Crops,100,India,5419,Yield,176,Vegetables,2001,5476,Fc,Calculated data
135,QC,Crops,100,India,5419,Yield,176,Vegetables,2002,3335,Fc,Calculated data
136,QC,Crops,100,India,5419,Yield,176,Vegetables,2003,4562,Fc,Calculated data
137,QC,Crops,100,India,5419,Yield,176,Vegetables,2004,3284,Fc,Calculated data
138,QC,Crops,100,India,5419,Yield,176,Vegetables,2005,3269,Fc,Calculated data
139,QC,Crops,100,India,5419,Yield,176,Vegetables,2006,3825,Fc,Calculated data
140,QC,Crops,100,India,5419,Yield,176,Vegetables,2007,3930,Fc,Calculated data
141,QC,Crops,100,India,5419,Yield,176,Vegetables,2008,3763,Fc,Calculated data
142,QC,Crops,100,India,5419,Yield,176,Vegetables,2009,4050,Fc,Calculated data
143,QC,Crops,100,India,5419,Yield,176,Vegetables,2010,4445,Fc,Calculated data
144,QC,Crops,100,India,5419,Yield,176,Vegetables,2011,3936,Fc,Calculated data
145,QC,Crops,100,India,5419,Yield,176,Vegetables,2012,4077,Fc,Calculated data
146,QC,Crops,100,India,5419,Yield,176,Vegetables,2013,3989,Fc,Calculated data
147,QC,Crops,100,India,5419,Yield,176,Vegetables,2014,4110,Fc,Calculated data
148,QC,Crops,100,India,5419,Yield,187,Vegetables,1994,9266,Fc,Calculated data
149,QC,Crops,100,India,5419,Yield,187,Vegetables,1995,8791,Fc,Calculated data
150,QC,Crops,100,India,5419,Yield,187,Vegetables,1996,8361,Fc,Calculated data
151,QC,Crops,100,India,5419,Yield,187,Vegetables,1997,9866,Fc,Calculated data
152,QC,Crops,100,India,5419,Yield,187,Vegetables,1998,8915,Fc,Calculated data
153,QC,Crops,100,India,5419,Yield,187,Vegetables,1999,8451,Fc,Calculated data
154,QC,Crops,100,India,5419,Yield,187,Vegetables,2000,10294,Fc,Calculated data
155,QC,Crops,100,India,5419,Yield,187,Vegetables,2001,8602,Fc,Calculated data
156,QC,Crops,100,India,5419,Yield,187,Vegetables,2002,9065,Fc,Calculated data
157,QC,Crops,100,India,5419,Yield,187,Vegetables,2003,8914,Fc,Calculated data
158,QC,Crops,100,India,5419,Yield,187,Vegetables,2004,10221,Fc,Calculated data
159,QC,Crops,100,India,5419,Yield,187,Vegetables,2005,9929,Fc,Calculated data
160,QC,Crops,100,India,5419,Yield,187,Vegetables,2006,9127,Fc,Calculated data
161,QC,Crops,100,India,5419,Yield,187,Vegetables,2007,10494,Fc,Calculated data
162,QC,Crops,100,India,5419,Yield,187,Vegetables,2008,11029,Fc,Calculated data
163,QC,Crops,100,India,5419,Yield,187,Vegetables,2009,9163,Fc,Calculated data
164,QC,Crops,100,India,5419,Yield,187,Vegetables,2010,8827,Fc,Calculated data
165,QC,Crops,100,India,5419,Yield,187,Vegetables,2011,8157,Fc,Calculated data
166,QC,Crops,100,India,5419,Yield,187,Vegetables,2012,8503,Fc,Calculated data
167,QC,Crops,100,India,5419,Yield,187,Vegetables,2013,8219,Fc,Calculated data
168,QC,Crops,100,India,5419,Yield,187,Vegetables,2014,8219,Fc,Calculated data
169,QC,Crops,100,India,5419,Yield,191,Coarse Grains,1994,7833,Fc,Calculated data
170,QC,Crops,100,India,5419,Yield,191,Coarse Grains,1995,8532,Fc,Calculated data
171,QC,Crops,100,India,5419,Yield,191,Coarse Grains,1996,6997,Fc,Calculated data
172,QC,Crops,100,India,5419,Yield,191,Coarse Grains,1997,8129,Fc,Calculated data
173,QC,Crops,100,India,5419,Yield,191,Coarse Grains,1998,8108,Fc,Calculated data
174,QC,Crops,100,India,5419,Yield,191,Coarse Grains,1999,8030,Fc,Calculated data
175,QC,Crops,100,India,5419,Yield,191,Coarse Grains,2000,8327,Fc,Calculated data
176,QC,Crops,100,India,5419,Yield,191,Coarse Grains,2001,7435,Fc,Calculated data
177,QC,Crops,100,India,5419,Yield,191,Coarse Grains,2002,8530,Fc,Calculated data
178,QC,Crops,100,India,5419,Yield,191,Coarse Grains,2003,7173,Fc,Calculated data
179,QC,Crops,100,India,5419,Yield,191,Coarse Grains,2004,8112,Fc,Calculated data
180,QC,Crops,100,India,5419,Yield,191,Coarse Grains,2005,8146,Fc,Calculated data
181,QC,Crops,100,India,5419,Yield,191,Coarse Grains,2006,8085,Fc,Calculated data
182,QC,Crops,100,India,5419,Yield,191,Coarse Grains,2007,8452,Fc,Calculated data
183,QC,Crops,100,India,5419,Yield,191,Coarse Grains,2008,7620,Fc,Calculated data
184,QC,Crops,100,India,5419,Yield,191,Coarse Grains,2009,8948,Fc,Calculated data
185,QC,Crops,100,India,5419,Yield,191,Coarse Grains,2010,9155,Fc,Calculated data
186,QC,Crops,100,India,5419,Yield,191,Coarse Grains,2011,8945,Fc,Calculated data
187,QC,Crops,100,India,5419,Yield,191,Coarse Grains,2012,9255,Fc,Calculated data
188,QC,Crops,100,India,5419,Yield,191,Coarse Grains,2013,9201,Fc,Calculated data
189,QC,Crops,100,India,5419,Yield,191,Coarse Grains,2014,9199,Fc,Calculated data
190,QC,Crops,100,India,5419,Yield,197,Vegetables,1994,7622,Fc,Calculated data
191,QC,Crops,100,India,5419,Yield,197,Vegetables,1995,6470,Fc,Calculated data
192,QC,Crops,100,India,5419,Yield,197,Vegetables,1996,6699,Fc,Calculated data
193,QC,Crops,100,India,5419,Yield,197,Vegetables,1997,7559,Fc,Calculated data
194,QC,Crops,100,India,5419,Yield,197,Vegetables,1998,5507,Fc,Calculated data
195,QC,Crops,100,India,5419,Yield,197,Vegetables,1999,7874,Fc,Calculated data
196,QC,Crops,100,India,5419,Yield,197,Vegetables,2000,7861,Fc,Calculated data
197,QC,Crops,100,India,5419,Yield,197,Vegetables,2001,6185,Fc,Calculated data
198,QC,Crops,100,India,5419,Yield,197,Vegetables,2002,6791,Fc,Calculated data
199,QC,Crops,100,India,5419,Yield,197,Vegetables,2003,6507,Fc,Calculated data
200,QC,Crops,100,India,5419,Yield,197,Vegetables,2004,6674,Fc,Calculated data
201,QC,Crops,100,India,5419,Yield,197,Vegetables,2005,6670,Fc,Calculated data
202,QC,Crops,100,India,5419,Yield,197,Vegetables,2006,7647,Fc,Calculated data
203,QC,Crops,100,India,5419,Yield,197,Vegetables,2007,6497,Fc,Calculated data
204,QC,Crops,100,India,5419,Yield,197,Vegetables,2008,8250,Fc,Calculated data
205,QC,Crops,100,India,5419,Yield,197,Vegetables,2009,6716,Fc,Calculated data
206,QC,Crops,100,India,5419,Yield,197,Vegetables,2010,7089,Fc,Calculated data
207,QC,Crops,100,India,5419,Yield,197,Vegetables,2011,6471,Fc,Calculated data
208,QC,Crops,100,India,5419,Yield,197,Vegetables,2012,6559,Fc,Calculated data
209,QC,Crops,100,India,5419,Yield,197,Vegetables,2013,6500,Fc,Calculated data
210,QC,Crops,100,India,5419,Yield,197,Vegetables,2014,6499,Fc,Calculated data
211,QC,Crops,100,India,5419,Yield,201,Lentils,1994,6321,Fc,Calculated data
212,QC,Crops,100,India,5419,Yield,201,Lentils,1995,6781,Fc,Calculated data
213,QC,Crops,100,India,5419,Yield,201,Lentils,1996,5685,Fc,Calculated data
214,QC,Crops,100,India,5419,Yield,201,Lentils,1997,7025,Fc,Calculated data
215,QC,Crops,100,India,5419,Yield,201,Lentils,1998,6240,Fc,Calculated data
216,QC,Crops,100,India,5419,Yield,201,Lentils,1999,6754,Fc,Calculated data
217,QC,Crops,100,India,5419,Yield,201,Lentils,2000,7382,Fc,Calculated data
218,QC,Crops,100,India,5419,Yield,201,Lentils,2001,6193,Fc,Calculated data
219,QC,Crops,100,India,5419,Yield,201,Lentils,2002,6629,Fc,Calculated data
220,QC,Crops,100,India,5419,Yield,201,Lentils,2003,6328,Fc,Calculated data
221,QC,Crops,100,India,5419,Yield,201,Lentils,2004,7413,Fc,Calculated data
222,QC,Crops,100,India,5419,Yield,201,Lentils,2005,6763,Fc,Calculated data
223,QC,Crops,100,India,5419,Yield,201,Lentils,2006,6266,Fc,Calculated data
224,QC,Crops,100,India,5419,Yield,201,Lentils,2007,6190,Fc,Calculated data
225,QC,Crops,100,India,5419,Yield,201,Lentils,2008,6183,Fc,Calculated data
226,QC,Crops,100,India,5419,Yield,201,Lentils,2009,6929,Fc,Calculated data
227,QC,Crops,100,India,5419,Yield,201,Lentils,2010,6973,Fc,Calculated data
228,QC,Crops,100,India,5419,Yield,201,Lentils,2011,5908,Fc,Calculated data
229,QC,Crops,100,India,5419,Yield,201,Lentils,2012,5998,Fc,Calculated data
230,QC,Crops,100,India,5419,Yield,201,Lentils,2013,6000,Fc,Calculated data
231,QC,Crops,100,India,5419,Yield,201,Lentils,2014,6111,Fc,Calculated data
232,QC,Crops,100,India,5419,Yield,211,Pulses,1994,5917,Fc,Calculated data
233,QC,Crops,100,India,5419,Yield,211,Pulses,1995,6580,Fc,Calculated data
234,QC,Crops,100,India,5419,Yield,211,Pulses,1996,5611,Fc,Calculated data
235,QC,Crops,100,India,5419,Yield,211,Pulses,1997,6600,Fc,Calculated data
236,QC,Crops,100,India,5419,Yield,211,Pulses,1998,5363,Fc,Calculated data
237,QC,Crops,100,India,5419,Yield,211,Pulses,1999,6222,Fc,Calculated data
238,QC,Crops,100,India,5419,Yield,211,Pulses,2000,6444,Fc,Calculated data
239,QC,Crops,100,India,5419,Yield,211,Pulses,2001,7879,Fc,Calculated data
240,QC,Crops,100,India,5419,Yield,211,Pulses,2002,5882,Fc,Calculated data
241,QC,Crops,100,India,5419,Yield,211,Pulses,2003,4622,Fc,Calculated data
242,QC,Crops,100,India,5419,Yield,211,Pulses,2004,5512,Fc,Calculated data
243,QC,Crops,100,India,5419,Yield,211,Pulses,2005,4379,Fc,Calculated data
244,QC,Crops,100,India,5419,Yield,211,Pulses,2006,4904,Fc,Calculated data
245,QC,Crops,100,India,5419,Yield,211,Pulses,2007,4667,Fc,Calculated data
246,QC,Crops,100,India,5419,Yield,211,Pulses,2008,4188,Fc,Calculated data
247,QC,Crops,100,India,5419,Yield,211,Pulses,2009,4321,Fc,Calculated data
248,QC,Crops,100,India,5419,Yield,211,Pulses,2010,4242,Fc,Calculated data
249,QC,Crops,100,India,5419,Yield,211,Pulses,2011,4118,Fc,Calculated data
250,QC,Crops,100,India,5419,Yield,211,Pulses,2012,4364,Fc,Calculated data
251,QC,Crops,100,India,5419,Yield,211,Pulses,2013,4964,Fc,Calculated data
252,QC,Crops,100,India,5419,Yield,211,Pulses,2014,4545,Fc,Calculated data
253,QC,Crops,100,India,5419,Yield,217,Dry Fruits,1994,6195,Fc,Calculated data
254,QC,Crops,100,India,5419,Yield,217,Dry Fruits,1995,5574,Fc,Calculated data
255,QC,Crops,100,India,5419,Yield,217,Dry Fruits,1996,6580,Fc,Calculated data
256,QC,Crops,100,India,5419,Yield,217,Dry Fruits,1997,6525,Fc,Calculated data
257,QC,Crops,100,India,5419,Yield,217,Dry Fruits,1998,5333,Fc,Calculated data
258,QC,Crops,100,India,5419,Yield,217,Dry Fruits,1999,6516,Fc,Calculated data
259,QC,Crops,100,India,5419,Yield,217,Dry Fruits,2000,7580,Fc,Calculated data
260,QC,Crops,100,India,5419,Yield,217,Dry Fruits,2001,6429,Fc,Calculated data
261,QC,Crops,100,India,5419,Yield,217,Dry Fruits,2002,6267,Fc,Calculated data
262,QC,Crops,100,India,5419,Yield,217,Dry Fruits,2003,6494,Fc,Calculated data
263,QC,Crops,100,India,5419,Yield,217,Dry Fruits,2004,6859,Fc,Calculated data
264,QC,Crops,100,India,5419,Yield,217,Dry Fruits,2005,6634,Fc,Calculated data
265,QC,Crops,100,India,5419,Yield,217,Dry Fruits,2006,6846,Fc,Calculated data
266,QC,Crops,100,India,5419,Yield,217,Dry Fruits,2007,7260,Fc,Calculated data
267,QC,Crops,100,India,5419,Yield,217,Dry Fruits,2008,7661,Fc,Calculated data
268,QC,Crops,100,India,5419,Yield,217,Dry Fruits,2009,7783,Fc,Calculated data
269,QC,Crops,100,India,5419,Yield,217,Dry Fruits,2010,6641,Fc,Calculated data
270,QC,Crops,100,India,5419,Yield,217,Dry Fruits,2011,7077,Fc,Calculated data
271,QC,Crops,100,India,5419,Yield,217,Dry Fruits,2012,7406,Fc,Calculated data
272,QC,Crops,100,India,5419,Yield,217,Dry Fruits,2013,7591,Fc,Calculated data
273,QC,Crops,100,India,5419,Yield,222,Dry Fruits,1994,9859,Fc,Calculated data
274,QC,Crops,100,India,5419,Yield,222,Dry Fruits,1995,8681,Fc,Calculated data
275,QC,Crops,100,India,5419,Yield,222,Dry Fruits,1996,9959,Fc,Calculated data
276,QC,Crops,100,India,5419,Yield,222,Dry Fruits,1997,8013,Fc,Calculated data
277,QC,Crops,100,India,5419,Yield,222,Dry Fruits,1998,10017,Fc,Calculated data
278,QC,Crops,100,India,5419,Yield,222,Dry Fruits,1999,9241,Fc,Calculated data
279,QC,Crops,100,India,5419,Yield,222,Dry Fruits,2000,10265,Fc,Calculated data
280,QC,Crops,100,India,5419,Yield,222,Dry Fruits,2001,9603,Fc,Calculated data
281,QC,Crops,100,India,5419,Yield,222,Dry Fruits,2002,9934,Fc,Calculated data
282,QC,Crops,100,India,5419,Yield,222,Dry Fruits,2003,10164,Fc,Calculated data
283,QC,Crops,100,India,5419,Yield,222,Dry Fruits,2004,11148,Fc,Calculated data
284,QC,Crops,100,India,5419,Yield,222,Dry Fruits,2005,10390,Fc,Calculated data
285,QC,Crops,100,India,5419,Yield,222,Dry Fruits,2006,11688,Fc,Calculated data
286,QC,Crops,100,India,5419,Yield,222,Dry Fruits,2007,10714,Fc,Calculated data
287,QC,Crops,100,India,5419,Yield,222,Dry Fruits,2008,12013,Fc,Calculated data
288,QC,Crops,100,India,5419,Yield,222,Dry Fruits,2009,11688,Fc,Calculated data
289,QC,Crops,100,India,5419,Yield,222,Dry Fruits,2010,12338,Fc,Calculated data
290,QC,Crops,100,India,5419,Yield,222,Dry Fruits,2011,11688,Fc,Calculated data
291,QC,Crops,100,India,5419,Yield,222,Dry Fruits,2012,12698,Fc,Calculated data
292,QC,Crops,100,India,5419,Yield,222,Dry Fruits,2013,11613,Fc,Calculated data
293,QC,Crops,100,India,5419,Yield,226,Dry Fruits,1994,11512,Fc,Calculated data
294,QC,Crops,100,India,5419,Yield,226,Dry Fruits,1995,11878,Fc,Calculated data
295,QC,Crops,100,India,5419,Yield,226,Dry Fruits,1996,11588,Fc,Calculated data
296,QC,Crops,100,India,5419,Yield,226,Dry Fruits,1997,11780,Fc,Calculated data
297,QC,Crops,100,India,5419,Yield,226,Dry Fruits,1998,12426,Fc,Calculated data
298,QC,Crops,100,India,5419,Yield,226,Dry Fruits,1999,11071,Fc,Calculated data
299,QC,Crops,100,India,5419,Yield,226,Dry Fruits,2000,11379,Fc,Calculated data
300,QC,Crops,100,India,5419,Yield,226,Dry Fruits,2001,11379,Fc,Calculated data
301,QC,Crops,100,India,5419,Yield,226,Dry Fruits,2002,13793,Fc,Calculated data
302,QC,Crops,100,India,5419,Yield,226,Dry Fruits,2003,11769,Fc,Calculated data
303,QC,Crops,100,India,5419,Yield,226,Dry Fruits,2004,12033,Fc,Calculated data
304,QC,Crops,100,India,5419,Yield,226,Dry Fruits,2005,12427,Fc,Calculated data
305,QC,Crops,100,India,5419,Yield,226,Dry Fruits,2006,12676,Fc,Calculated data
306,QC,Crops,100,India,5419,Yield,226,Dry Fruits,2007,12629,Fc,Calculated data
307,QC,Crops,100,India,5419,Yield,226,Dry Fruits,2008,12312,Fc,Calculated data
308,QC,Crops,100,India,5419,Yield,226,Dry Fruits,2009,12433,Fc,Calculated data
309,QC,Crops,100,India,5419,Yield,226,Dry Fruits,2010,11947,Fc,Calculated data
310,QC,Crops,100,India,5419,Yield,226,Dry Fruits,2011,11947,Fc,Calculated data
311,QC,Crops,100,India,5419,Yield,226,Dry Fruits,2012,14677,Fc,Calculated data
312,QC,Crops,100,India,5419,Yield,226,Dry Fruits,2013,13655,Fc,Calculated data
313,QC,Crops,100,India,5419,Yield,236,Coarse Grains,1994,9106,Fc,Calculated data
314,QC,Crops,100,India,5419,Yield,236,Coarse Grains,1995,10121,Fc,Calculated data
315,QC,Crops,100,India,5419,Yield,236,Coarse Grains,1996,10319,Fc,Calculated data
316,QC,Crops,100,India,5419,Yield,236,Coarse Grains,1997,10789,Fc,Calculated data
317,QC,Crops,100,India,5419,Yield,236,Coarse Grains,1998,11001,Fc,Calculated data
318,QC,Crops,100,India,5419,Yield,236,Coarse Grains,1999,11380,Fc,Calculated data
319,QC,Crops,100,India,5419,Yield,236,Coarse Grains,2000,8222,Fc,Calculated data
320,QC,Crops,100,India,5419,Yield,236,Coarse Grains,2001,9400,Fc,Calculated data
321,QC,Crops,100,India,5419,Yield,236,Coarse Grains,2002,7624,Fc,Calculated data
322,QC,Crops,100,India,5419,Yield,236,Coarse Grains,2003,11929,Fc,Calculated data
323,QC,Crops,100,India,5419,Yield,236,Coarse Grains,2004,9082,Fc,Calculated data
324,QC,Crops,100,India,5419,Yield,236,Coarse Grains,2005,10734,Fc,Calculated data
325,QC,Crops,100,India,5419,Yield,236,Coarse Grains,2006,10628,Fc,Calculated data
326,QC,Crops,100,India,5419,Yield,236,Coarse Grains,2007,12351,Fc,Calculated data
327,QC,Crops,100,India,5419,Yield,236,Coarse Grains,2008,10415,Fc,Calculated data
328,QC,Crops,100,India,5419,Yield,236,Coarse Grains,2009,10236,Fc,Calculated data
329,QC,Crops,100,India,5419,Yield,236,Coarse Grains,2010,13330,Fc,Calculated data
330,QC,Crops,100,India,5419,Yield,236,Coarse Grains,2011,11998,Fc,Calculated data
331,QC,Crops,100,India,5419,Yield,236,Coarse Grains,2012,13530,Fc,Calculated data
332,QC,Crops,100,India,5419,Yield,236,Coarse Grains,2013,9793,Fc,Calculated data
333,QC,Crops,100,India,5419,Yield,236,Coarse Grains,2014,9652,Fc,Calculated data
334,QC,Crops,100,India,5419,Yield,242,Coarse Grains,1994,10271,Fc,Calculated data
335,QC,Crops,100,India,5419,Yield,242,Coarse Grains,1995,10073,Fc,Calculated data
336,QC,Crops,100,India,5419,Yield,242,Coarse Grains,1996,11378,Fc,Calculated data
337,QC,Crops,100,India,5419,Yield,242,Coarse Grains,1997,10395,Fc,Calculated data
338,QC,Crops,100,India,5419,Yield,242,Coarse Grains,1998,12144,Fc,Calculated data
339,QC,Crops,100,India,5419,Yield,242,Coarse Grains,1999,7657,Fc,Calculated data
340,QC,Crops,100,India,5419,Yield,242,Coarse Grains,2000,9881,Fc,Calculated data
341,QC,Crops,100,India,5419,Yield,242,Coarse Grains,2001,11265,Fc,Calculated data
342,QC,Crops,100,India,5419,Yield,242,Coarse Grains,2002,6943,Fc,Calculated data
343,QC,Crops,100,India,5419,Yield,242,Coarse Grains,2003,13574,Fc,Calculated data
344,QC,Crops,100,India,5419,Yield,242,Coarse Grains,2004,10202,Fc,Calculated data
345,QC,Crops,100,India,5419,Yield,242,Coarse Grains,2005,11867,Fc,Calculated data
346,QC,Crops,100,India,5419,Yield,242,Coarse Grains,2006,8661,Fc,Calculated data
347,QC,Crops,100,India,5419,Yield,242,Coarse Grains,2007,14594,Fc,Calculated data
348,QC,Crops,100,India,5419,Yield,242,Coarse Grains,2008,11627,Fc,Calculated data
349,QC,Crops,100,India,5419,Yield,242,Coarse Grains,2009,9911,Fc,Calculated data
350,QC,Crops,100,India,5419,Yield,242,Coarse Grains,2010,14104,Fc,Calculated data
351,QC,Crops,100,India,5419,Yield,242,Coarse Grains,2011,13115,Fc,Calculated data
352,QC,Crops,100,India,5419,Yield,242,Coarse Grains,2012,9843,Fc,Calculated data
353,QC,Crops,100,India,5419,Yield,242,Coarse Grains,2013,18042,Fc,Calculated data
354,QC,Crops,100,India,5419,Yield,242,Coarse Grains,2014,12610,Fc,Calculated data
355,QC,Crops,100,India,5419,Yield,249,Coconuts,2009,52497,Fc,Calculated data
356,QC,Crops,100,India,5419,Yield,249,Coconuts,2006,51296,Fc,Calculated data
357,QC,Crops,100,India,5419,Yield,249,Coconuts,2001,48307,Fc,Calculated data
358,QC,Crops,100,India,5419,Yield,249,Coconuts,2005,49872,Fc,Calculated data
359,QC,Crops,100,India,5419,Yield,249,Coconuts,2002,48809,Fc,Calculated data
360,QC,Crops,100,India,5419,Yield,249,Coconuts,2000,47175,Fc,Calculated data
361,QC,Crops,100,India,5419,Yield,249,Coconuts,1999,47120,Fc,Calculated data
362,QC,Crops,100,India,5419,Yield,249,Coconuts,1998,46218,Fc,Calculated data
363,QC,Crops,100,India,5419,Yield,249,Coconuts,1996,44906,Fc,Calculated data
364,QC,Crops,100,India,5419,Yield,249,Coconuts,1995,43337,Fc,Calculated data
365,QC,Crops,100,India,5419,Yield,249,Coconuts,1997,45628,Fc,Calculated data
366,QC,Crops,100,India,5419,Yield,249,Coconuts,2008,52342,Fc,Calculated data
367,QC,Crops,100,India,5419,Yield,249,Coconuts,2013,56155,Fc,Calculated data
368,QC,Crops,100,India,5419,Yield,249,Coconuts,2011,53322,Fc,Calculated data
369,QC,Crops,100,India,5419,Yield,249,Coconuts,2014,57114,Fc,Calculated data
370,QC,Crops,100,India,5419,Yield,249,Coconuts,2004,49642,Fc,Calculated data
371,QC,Crops,100,India,5419,Yield,249,Coconuts,2003,49415,Fc,Calculated data
372,QC,Crops,100,India,5419,Yield,249,Coconuts,2012,55257,Fc,Calculated data
373,QC,Crops,100,India,5419,Yield,249,Coconuts,2007,51770,Fc,Calculated data
374,QC,Crops,100,India,5419,Yield,265,Oils,1994,10847,Fc,Calculated data
375,QC,Crops,100,India,5419,Yield,265,Oils,1995,9886,Fc,Calculated data
376,QC,Crops,100,India,5419,Yield,265,Oils,1996,12189,Fc,Calculated data
377,QC,Crops,100,India,5419,Yield,265,Oils,1997,12925,Fc,Calculated data
378,QC,Crops,100,India,5419,Yield,265,Oils,1998,12312,Fc,Calculated data
379,QC,Crops,100,India,5419,Yield,265,Oils,1999,9788,Fc,Calculated data
380,QC,Crops,100,India,5419,Yield,265,Oils,2000,8176,Fc,Calculated data
381,QC,Crops,100,India,5419,Yield,265,Oils,2001,9107,Fc,Calculated data
382,QC,Crops,100,India,5419,Yield,265,Oils,2002,7341,Fc,Calculated data
383,QC,Crops,100,India,5419,Yield,265,Oils,2003,11108,Fc,Calculated data
384,QC,Crops,100,India,5419,Yield,265,Oils,2004,10678,Fc,Calculated data
385,QC,Crops,100,India,5419,Yield,265,Oils,2005,11464,Fc,Calculated data
386,QC,Crops,100,India,5419,Yield,265,Oils,2006,11925,Fc,Calculated data
387,QC,Crops,100,India,5419,Yield,265,Oils,2007,13380,Fc,Calculated data
388,QC,Crops,100,India,5419,Yield,265,Oils,2008,13520,Fc,Calculated data
389,QC,Crops,100,India,5419,Yield,265,Oils,2009,13730,Fc,Calculated data
390,QC,Crops,100,India,5419,Yield,265,Oils,2010,15260,Fc,Calculated data
391,QC,Crops,100,India,5419,Yield,265,Oils,2011,15602,Fc,Calculated data
392,QC,Crops,100,India,5419,Yield,265,Oils,2012,17108,Fc,Calculated data
393,QC,Crops,100,India,5419,Yield,265,Oils,2013,15000,Fc,Calculated data
394,QC,Crops,100,India,5419,Yield,265,Oils,2014,16663,Fc,Calculated data
395,QC,Crops,100,India,5419,Yield,267,Dry Fruits,1994,6106,Fc,Calculated data
396,QC,Crops,100,India,5419,Yield,267,Dry Fruits,1995,5943,Fc,Calculated data
397,QC,Crops,100,India,5419,Yield,267,Dry Fruits,1996,6477,Fc,Calculated data
398,QC,Crops,100,India,5419,Yield,267,Dry Fruits,1997,5115,Fc,Calculated data
399,QC,Crops,100,India,5419,Yield,267,Dry Fruits,1998,5172,Fc,Calculated data
400,QC,Crops,100,India,5419,Yield,267,Dry Fruits,1999,5385,Fc,Calculated data
401,QC,Crops,100,India,5419,Yield,267,Dry Fruits,2000,6020,Fc,Calculated data
402,QC,Crops,100,India,5419,Yield,267,Dry Fruits,2001,5774,Fc,Calculated data
403,QC,Crops,100,India,5419,Yield,267,Dry Fruits,2002,5314,Fc,Calculated data
404,QC,Crops,100,India,5419,Yield,267,Dry Fruits,2003,4644,Fc,Calculated data
405,QC,Crops,100,India,5419,Yield,267,Dry Fruits,2004,5492,Fc,Calculated data
406,QC,Crops,100,India,5419,Yield,267,Dry Fruits,2005,6151,Fc,Calculated data
407,QC,Crops,100,India,5419,Yield,267,Dry Fruits,2006,5685,Fc,Calculated data
408,QC,Crops,100,India,5419,Yield,267,Dry Fruits,2007,7660,Fc,Calculated data
409,QC,Crops,100,India,5419,Yield,267,Dry Fruits,2008,6388,Fc,Calculated data
410,QC,Crops,100,India,5419,Yield,267,Dry Fruits,2009,5761,Fc,Calculated data
411,QC,Crops,100,India,5419,Yield,267,Dry Fruits,2010,7000,Fc,Calculated data
412,QC,Crops,100,India,5419,Yield,267,Dry Fruits,2011,7082,Fc,Calculated data
413,QC,Crops,100,India,5419,Yield,267,Dry Fruits,2012,6634,Fc,Calculated data
414,QC,Crops,100,India,5419,Yield,267,Dry Fruits,2013,7412,Fc,Calculated data
415,QC,Crops,100,India,5419,Yield,267,Dry Fruits,2014,5685,Fc,Calculated data
416,QC,Crops,100,India,5419,Yield,270,Vegetables,1994,8471,Fc,Calculated data
417,QC,Crops,100,India,5419,Yield,270,Vegetables,1995,9502,Fc,Calculated data
418,QC,Crops,100,India,5419,Yield,270,Vegetables,1996,9165,Fc,Calculated data
419,QC,Crops,100,India,5419,Yield,270,Vegetables,1997,10172,Fc,Calculated data
420,QC,Crops,100,India,5419,Yield,270,Vegetables,1998,6679,Fc,Calculated data
421,QC,Crops,100,India,5419,Yield,270,Vegetables,1999,8696,Fc,Calculated data
422,QC,Crops,100,India,5419,Yield,270,Vegetables,2000,9604,Fc,Calculated data
423,QC,Crops,100,India,5419,Yield,270,Vegetables,2001,9353,Fc,Calculated data
424,QC,Crops,100,India,5419,Yield,270,Vegetables,2002,10019,Fc,Calculated data
425,QC,Crops,100,India,5419,Yield,270,Vegetables,2003,8538,Fc,Calculated data
426,QC,Crops,100,India,5419,Yield,270,Vegetables,2004,11590,Fc,Calculated data
427,QC,Crops,100,India,5419,Yield,270,Vegetables,2005,10378,Fc,Calculated data
428,QC,Crops,100,India,5419,Yield,270,Vegetables,2006,11175,Fc,Calculated data
429,QC,Crops,100,India,5419,Yield,270,Vegetables,2007,10954,Fc,Calculated data
430,QC,Crops,100,India,5419,Yield,270,Vegetables,2008,10007,Fc,Calculated data
431,QC,Crops,100,India,5419,Yield,270,Vegetables,2009,11433,Fc,Calculated data
432,QC,Crops,100,India,5419,Yield,270,Vegetables,2010,11842,Fc,Calculated data
433,QC,Crops,100,India,5419,Yield,270,Vegetables,2011,12571,Fc,Calculated data
434,QC,Crops,100,India,5419,Yield,270,Vegetables,2012,11205,Fc,Calculated data
435,QC,Crops,100,India,5419,Yield,270,Vegetables,2013,12334,Fc,Calculated data
436,QC,Crops,100,India,5419,Yield,270,Vegetables,2014,10940,Fc,Calculated data
437,QC,Crops,100,India,5419,Yield,280,Dry Fruits,1994,6583,Fc,Calculated data
438,QC,Crops,100,India,5419,Yield,280,Dry Fruits,1995,5348,Fc,Calculated data
439,QC,Crops,100,India,5419,Yield,280,Dry Fruits,1996,5604,Fc,Calculated data
440,QC,Crops,100,India,5419,Yield,280,Dry Fruits,1997,6141,Fc,Calculated data
441,QC,Crops,100,India,5419,Yield,280,Dry Fruits,1998,6000,Fc,Calculated data
442,QC,Crops,100,India,5419,Yield,280,Dry Fruits,1999,5502,Fc,Calculated data
443,QC,Crops,100,India,5419,Yield,280,Dry Fruits,2000,5938,Fc,Calculated data
444,QC,Crops,100,India,5419,Yield,280,Dry Fruits,2001,4755,Fc,Calculated data
445,QC,Crops,100,India,5419,Yield,280,Dry Fruits,2002,5689,Fc,Calculated data
446,QC,Crops,100,India,5419,Yield,280,Dry Fruits,2003,4831,Fc,Calculated data
447,QC,Crops,100,India,5419,Yield,280,Dry Fruits,2004,3707,Fc,Calculated data
448,QC,Crops,100,India,5419,Yield,280,Dry Fruits,2005,4703,Fc,Calculated data
449,QC,Crops,100,India,5419,Yield,280,Dry Fruits,2006,6270,Fc,Calculated data
450,QC,Crops,100,India,5419,Yield,280,Dry Fruits,2007,6857,Fc,Calculated data
451,QC,Crops,100,India,5419,Yield,280,Dry Fruits,2008,6419,Fc,Calculated data
452,QC,Crops,100,India,5419,Yield,280,Dry Fruits,2009,6422,Fc,Calculated data
453,QC,Crops,100,India,5419,Yield,280,Dry Fruits,2010,6213,Fc,Calculated data
454,QC,Crops,100,India,5419,Yield,280,Dry Fruits,2011,6549,Fc,Calculated data
455,QC,Crops,100,India,5419,Yield,280,Dry Fruits,2012,8146,Fc,Calculated data
456,QC,Crops,100,India,5419,Yield,280,Dry Fruits,2013,7267,Fc,Calculated data
457,QC,Crops,100,India,5419,Yield,280,Dry Fruits,2014,8071,Fc,Calculated data
458,QC,Crops,100,India,5419,Yield,289,Spices,1994,2993,Fc,Calculated data
459,QC,Crops,100,India,5419,Yield,289,Spices,1995,2908,Fc,Calculated data
460,QC,Crops,100,India,5419,Yield,289,Spices,1996,3215,Fc,Calculated data
461,QC,Crops,100,India,5419,Yield,289,Spices,1997,3422,Fc,Calculated data
462,QC,Crops,100,India,5419,Yield,289,Spices,1998,3277,Fc,Calculated data
463,QC,Crops,100,India,5419,Yield,289,Spices,1999,3076,Fc,Calculated data
464,QC,Crops,100,India,5419,Yield,289,Spices,2000,3010,Fc,Calculated data
465,QC,Crops,100,India,5419,Yield,289,Spices,2001,4177,Fc,Calculated data
466,QC,Crops,100,India,5419,Yield,289,Spices,2002,3055,Fc,Calculated data
467,QC,Crops,100,India,5419,Yield,289,Spices,2003,4600,Fc,Calculated data
468,QC,Crops,100,India,5419,Yield,289,Spices,2004,3656,Fc,Calculated data
469,QC,Crops,100,India,5419,Yield,289,Spices,2005,3720,Fc,Calculated data
470,QC,Crops,100,India,5419,Yield,289,Spices,2006,3752,Fc,Calculated data
471,QC,Crops,100,India,5419,Yield,289,Spices,2007,4207,Fc,Calculated data
472,QC,Crops,100,India,5419,Yield,289,Spices,2008,3539,Fc,Calculated data
473,QC,Crops,100,India,5419,Yield,289,Spices,2009,3030,Fc,Calculated data
474,QC,Crops,100,India,5419,Yield,289,Spices,2010,4295,Fc,Calculated data
475,QC,Crops,100,India,5419,Yield,289,Spices,2011,4241,Fc,Calculated data
476,QC,Crops,100,India,5419,Yield,289,Spices,2012,3764,Fc,Calculated data
826,QC,Crops,100,India,5419,Yield,702,Spices,2013,1727,Fc,Calculated data
478,QC,Crops,100,India,5419,Yield,289,Spices,2014,4055,Fc,Calculated data
479,QC,Crops,100,India,5419,Yield,328,Seed cotton,1994,8024,Fc,Calculated data
480,QC,Crops,100,India,5419,Yield,328,Seed cotton,1995,7562,Fc,Calculated data
481,QC,Crops,100,India,5419,Yield,328,Seed cotton,1996,8289,Fc,Calculated data
482,QC,Crops,100,India,5419,Yield,328,Seed cotton,1997,6501,Fc,Calculated data
483,QC,Crops,100,India,5419,Yield,328,Seed cotton,1998,6987,Fc,Calculated data
484,QC,Crops,100,India,5419,Yield,328,Seed cotton,1999,7032,Fc,Calculated data
485,QC,Crops,100,India,5419,Yield,328,Seed cotton,2000,5979,Fc,Calculated data
486,QC,Crops,100,India,5419,Yield,328,Seed cotton,2001,5836,Fc,Calculated data
487,QC,Crops,100,India,5419,Yield,328,Seed cotton,2002,5974,Fc,Calculated data
488,QC,Crops,100,India,5419,Yield,328,Seed cotton,2003,9600,Fc,Calculated data
489,QC,Crops,100,India,5419,Yield,328,Seed cotton,2004,9933,Fc,Calculated data
490,QC,Crops,100,India,5419,Yield,328,Seed cotton,2005,11326,Fc,Calculated data
491,QC,Crops,100,India,5419,Yield,328,Seed cotton,2006,13151,Fc,Calculated data
492,QC,Crops,100,India,5419,Yield,328,Seed cotton,2007,14613,Fc,Calculated data
493,QC,Crops,100,India,5419,Yield,328,Seed cotton,2008,12576,Fc,Calculated data
494,QC,Crops,100,India,5419,Yield,328,Seed cotton,2009,12377,Fc,Calculated data
495,QC,Crops,100,India,5419,Yield,328,Seed cotton,2010,15940,Fc,Calculated data
496,QC,Crops,100,India,5419,Yield,328,Seed cotton,2011,15748,Fc,Calculated data
497,QC,Crops,100,India,5419,Yield,328,Seed cotton,2012,15174,Fc,Calculated data
498,QC,Crops,100,India,5419,Yield,328,Seed cotton,2013,16165,Fc,Calculated data
499,QC,Crops,100,India,5419,Yield,328,Seed cotton,2014,16102,Fc,Calculated data
500,QC,Crops,100,India,5419,Yield,333,Lentils,1994,3463,Fc,Calculated data
501,QC,Crops,100,India,5419,Yield,333,Lentils,1995,3403,Fc,Calculated data
502,QC,Crops,100,India,5419,Yield,333,Lentils,1996,3463,Fc,Calculated data
503,QC,Crops,100,India,5419,Yield,333,Lentils,1997,3732,Fc,Calculated data
504,QC,Crops,100,India,5419,Yield,333,Lentils,1998,2899,Fc,Calculated data
505,QC,Crops,100,India,5419,Yield,333,Lentils,1999,3535,Fc,Calculated data
506,QC,Crops,100,India,5419,Yield,333,Lentils,2000,4060,Fc,Calculated data
507,QC,Crops,100,India,5419,Yield,333,Lentils,2001,3509,Fc,Calculated data
508,QC,Crops,100,India,5419,Yield,333,Lentils,2002,3903,Fc,Calculated data
509,QC,Crops,100,India,5419,Yield,333,Lentils,2003,3926,Fc,Calculated data
510,QC,Crops,100,India,5419,Yield,333,Lentils,2004,4124,Fc,Calculated data
511,QC,Crops,100,India,5419,Yield,333,Lentils,2005,3782,Fc,Calculated data
512,QC,Crops,100,India,5419,Yield,333,Lentils,2006,3949,Fc,Calculated data
513,QC,Crops,100,India,5419,Yield,333,Lentils,2007,3941,Fc,Calculated data
514,QC,Crops,100,India,5419,Yield,333,Lentils,2008,3483,Fc,Calculated data
515,QC,Crops,100,India,5419,Yield,333,Lentils,2009,4148,Fc,Calculated data
516,QC,Crops,100,India,5419,Yield,333,Lentils,2010,4494,Fc,Calculated data
517,QC,Crops,100,India,5419,Yield,333,Lentils,2011,4339,Fc,Calculated data
518,QC,Crops,100,India,5419,Yield,333,Lentils,2012,3527,Fc,Calculated data
519,QC,Crops,100,India,5419,Yield,333,Lentils,2013,4349,Fc,Calculated data
520,QC,Crops,100,India,5419,Yield,333,Lentils,2014,3917,Fc,Calculated data
521,QC,Crops,100,India,5419,Yield,339,Oils,1994,3209,Fc,Calculated data
522,QC,Crops,100,India,5419,Yield,339,Oils,1995,3161,Fc,Calculated data
523,QC,Crops,100,India,5419,Yield,339,Oils,1996,2779,Fc,Calculated data
524,QC,Crops,100,India,5419,Yield,339,Oils,1997,2991,Fc,Calculated data
525,QC,Crops,100,India,5419,Yield,339,Oils,1998,3048,Fc,Calculated data
526,QC,Crops,100,India,5419,Yield,339,Oils,1999,3043,Fc,Calculated data
527,QC,Crops,100,India,5419,Yield,339,Oils,2000,2997,Fc,Calculated data
528,QC,Crops,100,India,5419,Yield,339,Oils,2001,3023,Fc,Calculated data
529,QC,Crops,100,India,5419,Yield,339,Oils,2002,3039,Fc,Calculated data
530,QC,Crops,100,India,5419,Yield,339,Oils,2003,3003,Fc,Calculated data
531,QC,Crops,100,India,5419,Yield,339,Oils,2004,3003,Fc,Calculated data
532,QC,Crops,100,India,5419,Yield,339,Oils,2005,3000,Fc,Calculated data
533,QC,Crops,100,India,5419,Yield,339,Oils,2006,3002,Fc,Calculated data
534,QC,Crops,100,India,5419,Yield,339,Oils,2007,3056,Fc,Calculated data
535,QC,Crops,100,India,5419,Yield,339,Oils,2008,3447,Fc,Calculated data
536,QC,Crops,100,India,5419,Yield,339,Oils,2009,2663,Fc,Calculated data
537,QC,Crops,100,India,5419,Yield,339,Oils,2010,2778,Fc,Calculated data
538,QC,Crops,100,India,5419,Yield,339,Oils,2011,3161,Fc,Calculated data
539,QC,Crops,100,India,5419,Yield,339,Oils,2012,3238,Fc,Calculated data
540,QC,Crops,100,India,5419,Yield,339,Oils,2013,3345,Fc,Calculated data
541,QC,Crops,100,India,5419,Yield,339,Oils,2014,3176,Fc,Calculated data
542,QC,Crops,100,India,5419,Yield,372,Vegetables,1995,50132,Fc,Calculated data
543,QC,Crops,100,India,5419,Yield,372,Vegetables,1997,56531,Fc,Calculated data
544,QC,Crops,100,India,5419,Yield,372,Vegetables,2002,54552,Fc,Calculated data
545,QC,Crops,100,India,5419,Yield,372,Vegetables,2003,49913,Fc,Calculated data
546,QC,Crops,100,India,5419,Yield,372,Vegetables,2004,54990,Fc,Calculated data
547,QC,Crops,100,India,5419,Yield,372,Vegetables,2005,55426,Fc,Calculated data
548,QC,Crops,100,India,5419,Yield,397,Vegetables,2002,55241,Fc,Calculated data
549,QC,Crops,100,India,5419,Yield,397,Vegetables,2003,50545,Fc,Calculated data
550,QC,Crops,100,India,5419,Yield,397,Vegetables,2004,55686,Fc,Calculated data
551,QC,Crops,100,India,5419,Yield,397,Vegetables,2005,56129,Fc,Calculated data
552,QC,Crops,100,India,5419,Yield,406,Spices,1994,40768,Fc,Calculated data
553,QC,Crops,100,India,5419,Yield,406,Spices,1995,42475,Fc,Calculated data
554,QC,Crops,100,India,5419,Yield,406,Spices,1996,46437,Fc,Calculated data
555,QC,Crops,100,India,5419,Yield,406,Spices,1997,44522,Fc,Calculated data
556,QC,Crops,100,India,5419,Yield,406,Spices,1998,46323,Fc,Calculated data
557,QC,Crops,100,India,5419,Yield,406,Spices,1999,41692,Fc,Calculated data
558,QC,Crops,100,India,5419,Yield,406,Spices,2000,42103,Fc,Calculated data
559,QC,Crops,100,India,5419,Yield,406,Spices,2001,41400,Fc,Calculated data
560,QC,Crops,100,India,5419,Yield,406,Spices,2002,43551,Fc,Calculated data
561,QC,Crops,100,India,5419,Yield,406,Spices,2003,40987,Fc,Calculated data
562,QC,Crops,100,India,5419,Yield,406,Spices,2004,49755,Fc,Calculated data
563,QC,Crops,100,India,5419,Yield,406,Spices,2005,44872,Fc,Calculated data
564,QC,Crops,100,India,5419,Yield,406,Spices,2006,44344,Fc,Calculated data
565,QC,Crops,100,India,5419,Yield,406,Spices,2007,48763,Fc,Calculated data
566,QC,Crops,100,India,5419,Yield,406,Spices,2008,51839,Fc,Calculated data
567,QC,Crops,100,India,5419,Yield,406,Spices,2009,50003,Fc,Calculated data
568,QC,Crops,100,India,5419,Yield,406,Spices,2010,50587,Fc,Calculated data
569,QC,Crops,100,India,5419,Yield,406,Spices,2011,52732,Fc,Calculated data
570,QC,Crops,100,India,5419,Yield,406,Spices,2012,50744,Fc,Calculated data
477,QC,Crops,100,India,5419,Yield,289,Spices,2013,3419,Fc,Calculated data
572,QC,Crops,100,India,5419,Yield,414,Vegetables,1994,26759,Fc,Calculated data
573,QC,Crops,100,India,5419,Yield,414,Vegetables,1995,20403,Fc,Calculated data
574,QC,Crops,100,India,5419,Yield,414,Vegetables,1996,27027,Fc,Calculated data
575,QC,Crops,100,India,5419,Yield,414,Vegetables,1997,23168,Fc,Calculated data
576,QC,Crops,100,India,5419,Yield,414,Vegetables,1998,27333,Fc,Calculated data
577,QC,Crops,100,India,5419,Yield,414,Vegetables,1999,29311,Fc,Calculated data
578,QC,Crops,100,India,5419,Yield,414,Vegetables,2000,26827,Fc,Calculated data
579,QC,Crops,100,India,5419,Yield,414,Vegetables,2001,26627,Fc,Calculated data
580,QC,Crops,100,India,5419,Yield,414,Vegetables,2002,24376,Fc,Calculated data
581,QC,Crops,100,India,5419,Yield,414,Vegetables,2003,22303,Fc,Calculated data
582,QC,Crops,100,India,5419,Yield,414,Vegetables,2004,24571,Fc,Calculated data
583,QC,Crops,100,India,5419,Yield,414,Vegetables,2005,24766,Fc,Calculated data
584,QC,Crops,100,India,5419,Yield,414,Vegetables,2006,26175,Fc,Calculated data
585,QC,Crops,100,India,5419,Yield,414,Vegetables,2007,27161,Fc,Calculated data
586,QC,Crops,100,India,5419,Yield,414,Vegetables,2008,27317,Fc,Calculated data
587,QC,Crops,100,India,5419,Yield,414,Vegetables,2009,27184,Fc,Calculated data
588,QC,Crops,100,India,5419,Yield,414,Vegetables,2010,28019,Fc,Calculated data
589,QC,Crops,100,India,5419,Yield,414,Vegetables,2011,28297,Fc,Calculated data
590,QC,Crops,100,India,5419,Yield,414,Vegetables,2012,28182,Fc,Calculated data
591,QC,Crops,100,India,5419,Yield,414,Vegetables,2013,28182,Fc,Calculated data
592,QC,Crops,100,India,5419,Yield,515,Fruits,1996,55798,Fc,Calculated data
593,QC,Crops,100,India,5419,Yield,515,Fruits,2000,45652,Fc,Calculated data
594,QC,Crops,100,India,5419,Yield,515,Fruits,2001,51250,Fc,Calculated data
595,QC,Crops,100,India,5419,Yield,515,Fruits,2002,48333,Fc,Calculated data
596,QC,Crops,100,India,5419,Yield,526,Dry Fruits,1994,29167,Fc,Calculated data
597,QC,Crops,100,India,5419,Yield,526,Dry Fruits,1995,29627,Fc,Calculated data
598,QC,Crops,100,India,5419,Yield,526,Dry Fruits,1996,30896,Fc,Calculated data
599,QC,Crops,100,India,5419,Yield,526,Dry Fruits,1997,30224,Fc,Calculated data
600,QC,Crops,100,India,5419,Yield,526,Dry Fruits,1998,28523,Fc,Calculated data
601,QC,Crops,100,India,5419,Yield,526,Dry Fruits,1999,31757,Fc,Calculated data
602,QC,Crops,100,India,5419,Yield,526,Dry Fruits,2000,32967,Fc,Calculated data
603,QC,Crops,100,India,5419,Yield,526,Dry Fruits,2001,32499,Fc,Calculated data
604,QC,Crops,100,India,5419,Yield,526,Dry Fruits,2002,31254,Fc,Calculated data
605,QC,Crops,100,India,5419,Yield,526,Dry Fruits,2003,33561,Fc,Calculated data
606,QC,Crops,100,India,5419,Yield,526,Dry Fruits,2004,29763,Fc,Calculated data
607,QC,Crops,100,India,5419,Yield,526,Dry Fruits,2005,30476,Fc,Calculated data
608,QC,Crops,100,India,5419,Yield,526,Dry Fruits,2006,30916,Fc,Calculated data
609,QC,Crops,100,India,5419,Yield,526,Dry Fruits,2007,31970,Fc,Calculated data
610,QC,Crops,100,India,5419,Yield,526,Dry Fruits,2008,33364,Fc,Calculated data
611,QC,Crops,100,India,5419,Yield,526,Dry Fruits,2009,32135,Fc,Calculated data
612,QC,Crops,100,India,5419,Yield,526,Dry Fruits,2010,33843,Fc,Calculated data
613,QC,Crops,100,India,5419,Yield,526,Dry Fruits,2011,34259,Fc,Calculated data
614,QC,Crops,100,India,5419,Yield,526,Dry Fruits,2012,34000,Fc,Calculated data
615,QC,Crops,100,India,5419,Yield,526,Dry Fruits,2013,34000,Fc,Calculated data
616,QC,Crops,100,India,5419,Yield,531,Dry Fruits,1994,26250,Fc,Calculated data
617,QC,Crops,100,India,5419,Yield,531,Dry Fruits,1995,26780,Fc,Calculated data
618,QC,Crops,100,India,5419,Yield,531,Dry Fruits,1996,28235,Fc,Calculated data
619,QC,Crops,100,India,5419,Yield,531,Dry Fruits,1997,27497,Fc,Calculated data
620,QC,Crops,100,India,5419,Yield,531,Dry Fruits,1998,26047,Fc,Calculated data
621,QC,Crops,100,India,5419,Yield,531,Dry Fruits,1999,37602,Fc,Calculated data
622,QC,Crops,100,India,5419,Yield,531,Dry Fruits,2000,39059,Fc,Calculated data
623,QC,Crops,100,India,5419,Yield,531,Dry Fruits,2001,39101,Fc,Calculated data
624,QC,Crops,100,India,5419,Yield,531,Dry Fruits,2002,37607,Fc,Calculated data
625,QC,Crops,100,India,5419,Yield,531,Dry Fruits,2003,40380,Fc,Calculated data
626,QC,Crops,100,India,5419,Yield,531,Dry Fruits,2004,35816,Fc,Calculated data
627,QC,Crops,100,India,5419,Yield,531,Dry Fruits,2005,36680,Fc,Calculated data
628,QC,Crops,100,India,5419,Yield,531,Dry Fruits,2006,37214,Fc,Calculated data
629,QC,Crops,100,India,5419,Yield,531,Dry Fruits,2007,38479,Fc,Calculated data
630,QC,Crops,100,India,5419,Yield,531,Dry Fruits,2008,40154,Fc,Calculated data
631,QC,Crops,100,India,5419,Yield,531,Dry Fruits,2009,38671,Fc,Calculated data
632,QC,Crops,100,India,5419,Yield,531,Dry Fruits,2010,40724,Fc,Calculated data
633,QC,Crops,100,India,5419,Yield,531,Dry Fruits,2011,41232,Fc,Calculated data
634,QC,Crops,100,India,5419,Yield,531,Dry Fruits,2012,40909,Fc,Calculated data
635,QC,Crops,100,India,5419,Yield,531,Dry Fruits,2013,40909,Fc,Calculated data
636,QC,Crops,100,India,5419,Yield,534,Fruits,1994,47222,Fc,Calculated data
637,QC,Crops,100,India,5419,Yield,534,Fruits,1995,48634,Fc,Calculated data
638,QC,Crops,100,India,5419,Yield,534,Fruits,1996,51351,Fc,Calculated data
639,QC,Crops,100,India,5419,Yield,534,Fruits,1997,51573,Fc,Calculated data
640,QC,Crops,100,India,5419,Yield,534,Fruits,1998,47409,Fc,Calculated data
641,QC,Crops,100,India,5419,Yield,534,Fruits,1999,53234,Fc,Calculated data
642,QC,Crops,100,India,5419,Yield,534,Fruits,2000,55231,Fc,Calculated data
643,QC,Crops,100,India,5419,Yield,536,Fruits,1994,40000,Fc,Calculated data
644,QC,Crops,100,India,5419,Yield,536,Fruits,1995,40351,Fc,Calculated data
645,QC,Crops,100,India,5419,Yield,536,Fruits,1996,41561,Fc,Calculated data
646,QC,Crops,100,India,5419,Yield,536,Fruits,1997,41571,Fc,Calculated data
647,QC,Crops,100,India,5419,Yield,536,Fruits,1998,38419,Fc,Calculated data
648,QC,Crops,100,India,5419,Yield,536,Fruits,1999,42854,Fc,Calculated data
649,QC,Crops,100,India,5419,Yield,536,Fruits,2000,44523,Fc,Calculated data
650,QC,Crops,100,India,5419,Yield,536,Fruits,2001,44561,Fc,Calculated data
651,QC,Crops,100,India,5419,Yield,536,Fruits,2002,49475,Fc,Calculated data
652,QC,Crops,100,India,5419,Yield,541,Fruits,1994,56545,Fc,Calculated data
653,QC,Crops,100,India,5419,Yield,541,Fruits,1995,52092,Fc,Calculated data
654,QC,Crops,100,India,5419,Yield,541,Fruits,1996,37543,Fc,Calculated data
655,QC,Crops,100,India,5419,Yield,541,Fruits,1997,39088,Fc,Calculated data
656,QC,Crops,100,India,5419,Yield,541,Fruits,1998,35608,Fc,Calculated data
657,QC,Crops,100,India,5419,Yield,541,Fruits,1999,38348,Fc,Calculated data
658,QC,Crops,100,India,5419,Yield,541,Fruits,2000,39244,Fc,Calculated data
659,QC,Crops,100,India,5419,Yield,541,Fruits,2001,39660,Fc,Calculated data
660,QC,Crops,100,India,5419,Yield,541,Fruits,2002,38101,Fc,Calculated data
661,QC,Crops,100,India,5419,Yield,541,Fruits,2003,40873,Fc,Calculated data
662,QC,Crops,100,India,5419,Yield,541,Fruits,2004,36232,Fc,Calculated data
663,QC,Crops,100,India,5419,Yield,541,Fruits,2005,37078,Fc,Calculated data
664,QC,Crops,100,India,5419,Yield,541,Fruits,2006,37604,Fc,Calculated data
665,QC,Crops,100,India,5419,Yield,541,Fruits,2007,38878,Fc,Calculated data
666,QC,Crops,100,India,5419,Yield,541,Fruits,2008,40587,Fc,Calculated data
667,QC,Crops,100,India,5419,Yield,541,Fruits,2009,39060,Fc,Calculated data
668,QC,Crops,100,India,5419,Yield,541,Fruits,2010,41136,Fc,Calculated data
669,QC,Crops,100,India,5419,Yield,541,Fruits,2011,41634,Fc,Calculated data
670,QC,Crops,100,India,5419,Yield,541,Fruits,2012,41739,Fc,Calculated data
671,QC,Crops,100,India,5419,Yield,541,Fruits,2013,41739,Fc,Calculated data
672,QC,Crops,100,India,5419,Yield,558,Fruits,1994,41138,Fc,Calculated data
673,QC,Crops,100,India,5419,Yield,558,Fruits,1995,37861,Fc,Calculated data
674,QC,Crops,100,India,5419,Yield,558,Fruits,1996,27295,Fc,Calculated data
675,QC,Crops,100,India,5419,Yield,558,Fruits,1997,28436,Fc,Calculated data
676,QC,Crops,100,India,5419,Yield,558,Fruits,1998,25862,Fc,Calculated data
677,QC,Crops,100,India,5419,Yield,558,Fruits,1999,27897,Fc,Calculated data
678,QC,Crops,100,India,5419,Yield,558,Fruits,2000,28964,Fc,Calculated data
679,QC,Crops,100,India,5419,Yield,558,Fruits,2001,28866,Fc,Calculated data
680,QC,Crops,100,India,5419,Yield,558,Fruits,2002,27780,Fc,Calculated data
681,QC,Crops,100,India,5419,Yield,558,Fruits,2003,29856,Fc,Calculated data
682,QC,Crops,100,India,5419,Yield,558,Fruits,2004,26499,Fc,Calculated data
683,QC,Crops,100,India,5419,Yield,558,Fruits,2005,27157,Fc,Calculated data
684,QC,Crops,100,India,5419,Yield,558,Fruits,2006,27557,Fc,Calculated data
685,QC,Crops,100,India,5419,Yield,558,Fruits,2007,28499,Fc,Calculated data
686,QC,Crops,100,India,5419,Yield,569,Fruits,1994,24328,Fc,Calculated data
687,QC,Crops,100,India,5419,Yield,569,Fruits,1995,28226,Fc,Calculated data
688,QC,Crops,100,India,5419,Yield,569,Fruits,1996,29318,Fc,Calculated data
689,QC,Crops,100,India,5419,Yield,569,Fruits,1997,28648,Fc,Calculated data
690,QC,Crops,100,India,5419,Yield,569,Fruits,1998,26994,Fc,Calculated data
691,QC,Crops,100,India,5419,Yield,569,Fruits,1999,30211,Fc,Calculated data
692,QC,Crops,100,India,5419,Yield,569,Fruits,2000,31579,Fc,Calculated data
693,QC,Crops,100,India,5419,Yield,569,Fruits,2001,31764,Fc,Calculated data
694,QC,Crops,100,India,5419,Yield,569,Fruits,2002,30550,Fc,Calculated data
695,QC,Crops,100,India,5419,Yield,569,Fruits,2003,32804,Fc,Calculated data
696,QC,Crops,100,India,5419,Yield,569,Fruits,2004,29094,Fc,Calculated data
697,QC,Crops,100,India,5419,Yield,569,Fruits,2005,29793,Fc,Calculated data
698,QC,Crops,100,India,5419,Yield,569,Fruits,2006,30223,Fc,Calculated data
699,QC,Crops,100,India,5419,Yield,569,Fruits,2007,31251,Fc,Calculated data
700,QC,Crops,100,India,5419,Yield,569,Fruits,2008,32618,Fc,Calculated data
701,QC,Crops,100,India,5419,Yield,569,Fruits,2009,31409,Fc,Calculated data
702,QC,Crops,100,India,5419,Yield,569,Fruits,2010,33076,Fc,Calculated data
703,QC,Crops,100,India,5419,Yield,569,Fruits,2011,33487,Fc,Calculated data
704,QC,Crops,100,India,5419,Yield,569,Fruits,2012,34545,Fc,Calculated data
705,QC,Crops,100,India,5419,Yield,569,Fruits,2013,34545,Fc,Calculated data
706,QC,Crops,100,India,5419,Yield,571,Fruits,2009,55219,Fc,Calculated data
707,QC,Crops,100,India,5419,Yield,656,Breweries,1994,9183,Fc,Calculated data
708,QC,Crops,100,India,5419,Yield,656,Breweries,1995,7877,Fc,Calculated data
709,QC,Crops,100,India,5419,Yield,656,Breweries,1996,9215,Fc,Calculated data
710,QC,Crops,100,India,5419,Yield,656,Breweries,1997,8158,Fc,Calculated data
711,QC,Crops,100,India,5419,Yield,656,Breweries,1998,7982,Fc,Calculated data
712,QC,Crops,100,India,5419,Yield,656,Breweries,1999,8768,Fc,Calculated data
713,QC,Crops,100,India,5419,Yield,656,Breweries,2000,9467,Fc,Calculated data
714,QC,Crops,100,India,5419,Yield,656,Breweries,2001,9588,Fc,Calculated data
715,QC,Crops,100,India,5419,Yield,656,Breweries,2002,9385,Fc,Calculated data
716,QC,Crops,100,India,5419,Yield,656,Breweries,2003,8586,Fc,Calculated data
717,QC,Crops,100,India,5419,Yield,656,Breweries,2004,8320,Fc,Calculated data
718,QC,Crops,100,India,5419,Yield,656,Breweries,2005,8265,Fc,Calculated data
719,QC,Crops,100,India,5419,Yield,656,Breweries,2006,8027,Fc,Calculated data
720,QC,Crops,100,India,5419,Yield,656,Breweries,2007,8396,Fc,Calculated data
721,QC,Crops,100,India,5419,Yield,656,Breweries,2008,7605,Fc,Calculated data
722,QC,Crops,100,India,5419,Yield,656,Breweries,2009,7484,Fc,Calculated data
723,QC,Crops,100,India,5419,Yield,656,Breweries,2010,8146,Fc,Calculated data
724,QC,Crops,100,India,5419,Yield,656,Breweries,2011,8378,Fc,Calculated data
725,QC,Crops,100,India,5419,Yield,656,Breweries,2012,8517,Fc,Calculated data
726,QC,Crops,100,India,5419,Yield,656,Breweries,2013,8456,Fc,Calculated data
727,QC,Crops,100,India,5419,Yield,661,Dry Fruits,1994,5674,Fc,Calculated data
728,QC,Crops,100,India,5419,Yield,661,Dry Fruits,1995,5381,Fc,Calculated data
729,QC,Crops,100,India,5419,Yield,661,Dry Fruits,1996,5333,Fc,Calculated data
730,QC,Crops,100,India,5419,Yield,661,Dry Fruits,1997,4597,Fc,Calculated data
731,QC,Crops,100,India,5419,Yield,661,Dry Fruits,1998,4387,Fc,Calculated data
732,QC,Crops,100,India,5419,Yield,661,Dry Fruits,1999,4191,Fc,Calculated data
733,QC,Crops,100,India,5419,Yield,661,Dry Fruits,2000,3930,Fc,Calculated data
734,QC,Crops,100,India,5419,Yield,661,Dry Fruits,2001,4155,Fc,Calculated data
735,QC,Crops,100,India,5419,Yield,661,Dry Fruits,2002,4203,Fc,Calculated data
736,QC,Crops,100,India,5419,Yield,661,Dry Fruits,2003,3835,Fc,Calculated data
737,QC,Crops,100,India,5419,Yield,661,Dry Fruits,2004,3669,Fc,Calculated data
738,QC,Crops,100,India,5419,Yield,661,Dry Fruits,2005,3326,Fc,Calculated data
739,QC,Crops,100,India,5419,Yield,661,Dry Fruits,2006,3453,Fc,Calculated data
740,QC,Crops,100,India,5419,Yield,661,Dry Fruits,2007,3355,Fc,Calculated data
741,QC,Crops,100,India,5419,Yield,661,Dry Fruits,2008,3312,Fc,Calculated data
742,QC,Crops,100,India,5419,Yield,661,Dry Fruits,2009,3471,Fc,Calculated data
743,QC,Crops,100,India,5419,Yield,661,Dry Fruits,2010,2786,Fc,Calculated data
744,QC,Crops,100,India,5419,Yield,661,Dry Fruits,2011,2549,Fc,Calculated data
745,QC,Crops,100,India,5419,Yield,661,Dry Fruits,2012,2063,Fc,Calculated data
746,QC,Crops,100,India,5419,Yield,661,Dry Fruits,2013,1970,Fc,Calculated data
747,QC,Crops,100,India,5419,Yield,667,Breweries,1994,17676,Fc,Calculated data
748,QC,Crops,100,India,5419,Yield,667,Breweries,1995,17614,Fc,Calculated data
749,QC,Crops,100,India,5419,Yield,667,Breweries,1996,17705,Fc,Calculated data
750,QC,Crops,100,India,5419,Yield,667,Breweries,1997,18097,Fc,Calculated data
751,QC,Crops,100,India,5419,Yield,667,Breweries,1998,18664,Fc,Calculated data
752,QC,Crops,100,India,5419,Yield,667,Breweries,1999,18439,Fc,Calculated data
753,QC,Crops,100,India,5419,Yield,667,Breweries,2000,16857,Fc,Calculated data
754,QC,Crops,100,India,5419,Yield,667,Breweries,2001,16806,Fc,Calculated data
755,QC,Crops,100,India,5419,Yield,667,Breweries,2002,16745,Fc,Calculated data
756,QC,Crops,100,India,5419,Yield,667,Breweries,2003,16395,Fc,Calculated data
757,QC,Crops,100,India,5419,Yield,667,Breweries,2004,16904,Fc,Calculated data
758,QC,Crops,100,India,5419,Yield,667,Breweries,2005,17409,Fc,Calculated data
759,QC,Crops,100,India,5419,Yield,667,Breweries,2006,17080,Fc,Calculated data
760,QC,Crops,100,India,5419,Yield,667,Breweries,2007,17160,Fc,Calculated data
761,QC,Crops,100,India,5419,Yield,667,Breweries,2008,17063,Fc,Calculated data
762,QC,Crops,100,India,5419,Yield,667,Breweries,2009,16800,Fc,Calculated data
763,QC,Crops,100,India,5419,Yield,667,Breweries,2010,17119,Fc,Calculated data
764,QC,Crops,100,India,5419,Yield,667,Breweries,2011,18258,Fc,Calculated data
765,QC,Crops,100,India,5419,Yield,667,Breweries,2012,18761,Fc,Calculated data
766,QC,Crops,100,India,5419,Yield,667,Breweries,2013,21433,Fc,Calculated data
767,QC,Crops,100,India,5419,Yield,687,Spices,1994,2686,Fc,Calculated data
768,QC,Crops,100,India,5419,Yield,687,Spices,1995,3140,Fc,Calculated data
769,QC,Crops,100,India,5419,Yield,687,Spices,1996,3109,Fc,Calculated data
770,QC,Crops,100,India,5419,Yield,687,Spices,1997,3111,Fc,Calculated data
771,QC,Crops,100,India,5419,Yield,687,Spices,1998,3132,Fc,Calculated data
772,QC,Crops,100,India,5419,Yield,687,Spices,1999,3167,Fc,Calculated data
773,QC,Crops,100,India,5419,Yield,687,Spices,2000,3010,Fc,Calculated data
774,QC,Crops,100,India,5419,Yield,687,Spices,2001,2991,Fc,Calculated data
775,QC,Crops,100,India,5419,Yield,687,Spices,2002,2831,Fc,Calculated data
776,QC,Crops,100,India,5419,Yield,687,Spices,2003,2963,Fc,Calculated data
777,QC,Crops,100,India,5419,Yield,687,Spices,2004,3136,Fc,Calculated data
778,QC,Crops,100,India,5419,Yield,687,Spices,2005,3198,Fc,Calculated data
779,QC,Crops,100,India,5419,Yield,687,Spices,2006,3570,Fc,Calculated data
780,QC,Crops,100,India,5419,Yield,687,Spices,2007,2805,Fc,Calculated data
781,QC,Crops,100,India,5419,Yield,687,Spices,2008,2382,Fc,Calculated data
782,QC,Crops,100,India,5419,Yield,687,Spices,2009,1986,Fc,Calculated data
783,QC,Crops,100,India,5419,Yield,687,Spices,2010,2604,Fc,Calculated data
784,QC,Crops,100,India,5419,Yield,687,Spices,2011,2826,Fc,Calculated data
785,QC,Crops,100,India,5419,Yield,687,Spices,2012,2050,Fc,Calculated data
786,QC,Crops,100,India,5419,Yield,687,Spices,2013,4240,Fc,Calculated data
787,QC,Crops,100,India,5419,Yield,689,Vegetables,1994,9585,Fc,Calculated data
788,QC,Crops,100,India,5419,Yield,689,Vegetables,1995,9173,Fc,Calculated data
789,QC,Crops,100,India,5419,Yield,689,Vegetables,1996,11292,Fc,Calculated data
790,QC,Crops,100,India,5419,Yield,689,Vegetables,1997,10351,Fc,Calculated data
791,QC,Crops,100,India,5419,Yield,689,Vegetables,1998,11706,Fc,Calculated data
792,QC,Crops,100,India,5419,Yield,689,Vegetables,1999,10976,Fc,Calculated data
793,QC,Crops,100,India,5419,Yield,689,Vegetables,2000,11760,Fc,Calculated data
794,QC,Crops,100,India,5419,Yield,689,Vegetables,2001,12148,Fc,Calculated data
795,QC,Crops,100,India,5419,Yield,689,Vegetables,2002,10824,Fc,Calculated data
796,QC,Crops,100,India,5419,Yield,689,Vegetables,2003,15959,Fc,Calculated data
797,QC,Crops,100,India,5419,Yield,689,Vegetables,2004,16075,Fc,Calculated data
798,QC,Crops,100,India,5419,Yield,689,Vegetables,2005,15492,Fc,Calculated data
799,QC,Crops,100,India,5419,Yield,689,Vegetables,2006,16281,Fc,Calculated data
800,QC,Crops,100,India,5419,Yield,689,Vegetables,2007,16013,Fc,Calculated data
801,QC,Crops,100,India,5419,Yield,689,Vegetables,2008,16300,Fc,Calculated data
802,QC,Crops,100,India,5419,Yield,689,Vegetables,2009,15679,Fc,Calculated data
803,QC,Crops,100,India,5419,Yield,689,Vegetables,2010,15445,Fc,Calculated data
804,QC,Crops,100,India,5419,Yield,689,Vegetables,2011,15859,Fc,Calculated data
805,QC,Crops,100,India,5419,Yield,689,Vegetables,2012,16432,Fc,Calculated data
806,QC,Crops,100,India,5419,Yield,689,Vegetables,2013,17374,Fc,Calculated data
807,QC,Crops,100,India,5419,Yield,702,Spices,1994,1066,Fc,Calculated data
808,QC,Crops,100,India,5419,Yield,702,Spices,1995,1153,Fc,Calculated data
809,QC,Crops,100,India,5419,Yield,702,Spices,1996,1273,Fc,Calculated data
810,QC,Crops,100,India,5419,Yield,702,Spices,1997,1241,Fc,Calculated data
811,QC,Crops,100,India,5419,Yield,702,Spices,1998,1059,Fc,Calculated data
812,QC,Crops,100,India,5419,Yield,702,Spices,1999,1262,Fc,Calculated data
813,QC,Crops,100,India,5419,Yield,702,Spices,2000,1569,Fc,Calculated data
814,QC,Crops,100,India,5419,Yield,702,Spices,2001,1659,Fc,Calculated data
815,QC,Crops,100,India,5419,Yield,702,Spices,2002,1740,Fc,Calculated data
816,QC,Crops,100,India,5419,Yield,702,Spices,2003,1747,Fc,Calculated data
817,QC,Crops,100,India,5419,Yield,702,Spices,2004,1775,Fc,Calculated data
818,QC,Crops,100,India,5419,Yield,702,Spices,2005,1858,Fc,Calculated data
819,QC,Crops,100,India,5419,Yield,702,Spices,2006,1635,Fc,Calculated data
820,QC,Crops,100,India,5419,Yield,702,Spices,2007,1666,Fc,Calculated data
821,QC,Crops,100,India,5419,Yield,702,Spices,2008,1680,Fc,Calculated data
822,QC,Crops,100,India,5419,Yield,702,Spices,2009,1743,Fc,Calculated data
823,QC,Crops,100,India,5419,Yield,702,Spices,2010,1811,Fc,Calculated data
824,QC,Crops,100,India,5419,Yield,702,Spices,2011,1777,Fc,Calculated data
825,QC,Crops,100,India,5419,Yield,702,Spices,2012,1964,Fc,Calculated data
846,QC,Crops,100,India,5419,Yield,711,Spices,2013,7840,Fc,Calculated data
827,QC,Crops,100,India,5419,Yield,711,Spices,1994,3589,Fc,Calculated data
828,QC,Crops,100,India,5419,Yield,711,Spices,1995,3667,Fc,Calculated data
829,QC,Crops,100,India,5419,Yield,711,Spices,1996,4414,Fc,Calculated data
830,QC,Crops,100,India,5419,Yield,711,Spices,1997,4197,Fc,Calculated data
831,QC,Crops,100,India,5419,Yield,711,Spices,1998,4573,Fc,Calculated data
832,QC,Crops,100,India,5419,Yield,711,Spices,1999,4681,Fc,Calculated data
833,QC,Crops,100,India,5419,Yield,711,Spices,2000,4840,Fc,Calculated data
834,QC,Crops,100,India,5419,Yield,711,Spices,2001,4303,Fc,Calculated data
835,QC,Crops,100,India,5419,Yield,711,Spices,2002,2968,Fc,Calculated data
836,QC,Crops,100,India,5419,Yield,711,Spices,2003,5345,Fc,Calculated data
837,QC,Crops,100,India,5419,Yield,711,Spices,2004,5531,Fc,Calculated data
838,QC,Crops,100,India,5419,Yield,711,Spices,2005,5844,Fc,Calculated data
839,QC,Crops,100,India,5419,Yield,711,Spices,2006,5681,Fc,Calculated data
840,QC,Crops,100,India,5419,Yield,711,Spices,2007,7013,Fc,Calculated data
841,QC,Crops,100,India,5419,Yield,711,Spices,2008,6575,Fc,Calculated data
842,QC,Crops,100,India,5419,Yield,711,Spices,2009,6844,Fc,Calculated data
843,QC,Crops,100,India,5419,Yield,711,Spices,2010,7367,Fc,Calculated data
844,QC,Crops,100,India,5419,Yield,711,Spices,2011,7747,Fc,Calculated data
845,QC,Crops,100,India,5419,Yield,711,Spices,2012,7746,Fc,Calculated data
886,QC,Crops,100,India,5419,Yield,723,Spices,2013,20268,Fc,Calculated data
847,QC,Crops,100,India,5419,Yield,720,Spices,1994,19566,Fc,Calculated data
848,QC,Crops,100,India,5419,Yield,720,Spices,1995,19000,Fc,Calculated data
849,QC,Crops,100,India,5419,Yield,720,Spices,1996,33073,Fc,Calculated data
850,QC,Crops,100,India,5419,Yield,720,Spices,1997,33158,Fc,Calculated data
851,QC,Crops,100,India,5419,Yield,720,Spices,1998,33718,Fc,Calculated data
852,QC,Crops,100,India,5419,Yield,720,Spices,1999,33918,Fc,Calculated data
853,QC,Crops,100,India,5419,Yield,720,Spices,2000,33571,Fc,Calculated data
854,QC,Crops,100,India,5419,Yield,720,Spices,2001,30798,Fc,Calculated data
855,QC,Crops,100,India,5419,Yield,720,Spices,2002,30192,Fc,Calculated data
856,QC,Crops,100,India,5419,Yield,720,Spices,2003,31769,Fc,Calculated data
857,QC,Crops,100,India,5419,Yield,720,Spices,2004,35476,Fc,Calculated data
858,QC,Crops,100,India,5419,Yield,720,Spices,2005,37671,Fc,Calculated data
859,QC,Crops,100,India,5419,Yield,720,Spices,2006,35371,Fc,Calculated data
860,QC,Crops,100,India,5419,Yield,720,Spices,2007,37078,Fc,Calculated data
861,QC,Crops,100,India,5419,Yield,720,Spices,2008,37378,Fc,Calculated data
862,QC,Crops,100,India,5419,Yield,720,Spices,2009,34987,Fc,Calculated data
863,QC,Crops,100,India,5419,Yield,720,Spices,2010,35831,Fc,Calculated data
864,QC,Crops,100,India,5419,Yield,720,Spices,2011,47082,Fc,Calculated data
865,QC,Crops,100,India,5419,Yield,720,Spices,2012,48774,Fc,Calculated data
866,QC,Crops,100,India,5419,Yield,720,Spices,2013,50221,Fc,Calculated data
867,QC,Crops,100,India,5419,Yield,723,Spices,1994,14076,Fc,Calculated data
868,QC,Crops,100,India,5419,Yield,723,Spices,1995,12048,Fc,Calculated data
869,QC,Crops,100,India,5419,Yield,723,Spices,1996,13350,Fc,Calculated data
870,QC,Crops,100,India,5419,Yield,723,Spices,1997,12287,Fc,Calculated data
871,QC,Crops,100,India,5419,Yield,723,Spices,1998,12969,Fc,Calculated data
872,QC,Crops,100,India,5419,Yield,723,Spices,1999,16319,Fc,Calculated data
873,QC,Crops,100,India,5419,Yield,723,Spices,2000,17341,Fc,Calculated data
874,QC,Crops,100,India,5419,Yield,723,Spices,2001,14795,Fc,Calculated data
875,QC,Crops,100,India,5419,Yield,723,Spices,2002,18586,Fc,Calculated data
876,QC,Crops,100,India,5419,Yield,723,Spices,2003,15068,Fc,Calculated data
877,QC,Crops,100,India,5419,Yield,723,Spices,2004,19033,Fc,Calculated data
878,QC,Crops,100,India,5419,Yield,723,Spices,2005,20982,Fc,Calculated data
879,QC,Crops,100,India,5419,Yield,723,Spices,2006,20429,Fc,Calculated data
880,QC,Crops,100,India,5419,Yield,723,Spices,2007,19732,Fc,Calculated data
881,QC,Crops,100,India,5419,Yield,723,Spices,2008,18391,Fc,Calculated data
882,QC,Crops,100,India,5419,Yield,723,Spices,2009,19033,Fc,Calculated data
883,QC,Crops,100,India,5419,Yield,723,Spices,2010,20327,Fc,Calculated data
884,QC,Crops,100,India,5419,Yield,723,Spices,2011,21890,Fc,Calculated data
885,QC,Crops,100,India,5419,Yield,723,Spices,2012,20203,Fc,Calculated data
571,QC,Crops,100,India,5419,Yield,406,Spices,2013,50766,Fc,Calculated data
887,QC,Crops,100,India,5419,Yield,780,Jute products,1994,19487,Fc,Calculated data
888,QC,Crops,100,India,5419,Yield,780,Jute products,1995,18745,Fc,Calculated data
889,QC,Crops,100,India,5419,Yield,780,Jute products,1996,19989,Fc,Calculated data
890,QC,Crops,100,India,5419,Yield,780,Jute products,1997,19790,Fc,Calculated data
891,QC,Crops,100,India,5419,Yield,780,Jute products,1998,18750,Fc,Calculated data
892,QC,Crops,100,India,5419,Yield,780,Jute products,1999,20022,Fc,Calculated data
893,QC,Crops,100,India,5419,Yield,780,Jute products,2000,20257,Fc,Calculated data
894,QC,Crops,100,India,5419,Yield,780,Jute products,2001,21820,Fc,Calculated data
895,QC,Crops,100,India,5419,Yield,780,Jute products,2002,21444,Fc,Calculated data
896,QC,Crops,100,India,5419,Yield,780,Jute products,2003,21731,Fc,Calculated data
897,QC,Crops,100,India,5419,Yield,780,Jute products,2004,21863,Fc,Calculated data
898,QC,Crops,100,India,5419,Yield,780,Jute products,2005,23625,Fc,Calculated data
899,QC,Crops,100,India,5419,Yield,780,Jute products,2006,23477,Fc,Calculated data
900,QC,Crops,100,India,5419,Yield,780,Jute products,2007,22549,Fc,Calculated data
901,QC,Crops,100,India,5419,Yield,780,Jute products,2008,22072,Fc,Calculated data
902,QC,Crops,100,India,5419,Yield,780,Jute products,2009,24920,Fc,Calculated data
903,QC,Crops,100,India,5419,Yield,780,Jute products,2010,23437,Fc,Calculated data
904,QC,Crops,100,India,5419,Yield,780,Jute products,2011,24505,Fc,Calculated data
905,QC,Crops,100,India,5419,Yield,780,Jute products,2012,23900,Fc,Calculated data
906,QC,Crops,100,India,5419,Yield,780,Jute products,2013,24300,Fc,Calculated data
907,QC,Crops,100,India,5419,Yield,782,Coarse Grains,1994,9320,Fc,Calculated data
908,QC,Crops,100,India,5419,Yield,782,Coarse Grains,1995,9438,Fc,Calculated data
909,QC,Crops,100,India,5419,Yield,782,Coarse Grains,1996,13921,Fc,Calculated data
910,QC,Crops,100,India,5419,Yield,782,Coarse Grains,1997,10042,Fc,Calculated data
911,QC,Crops,100,India,5419,Yield,782,Coarse Grains,1998,9904,Fc,Calculated data
912,QC,Crops,100,India,5419,Yield,782,Coarse Grains,1999,10778,Fc,Calculated data
913,QC,Crops,100,India,5419,Yield,782,Coarse Grains,2000,10777,Fc,Calculated data
914,QC,Crops,100,India,5419,Yield,782,Coarse Grains,2001,11759,Fc,Calculated data
915,QC,Crops,100,India,5419,Yield,782,Coarse Grains,2002,11315,Fc,Calculated data
916,QC,Crops,100,India,5419,Yield,782,Coarse Grains,2003,10557,Fc,Calculated data
917,QC,Crops,100,India,5419,Yield,782,Coarse Grains,2004,10874,Fc,Calculated data
918,QC,Crops,100,India,5419,Yield,782,Coarse Grains,2005,11082,Fc,Calculated data
919,QC,Crops,100,India,5419,Yield,782,Coarse Grains,2006,11357,Fc,Calculated data
920,QC,Crops,100,India,5419,Yield,782,Coarse Grains,2007,11950,Fc,Calculated data
921,QC,Crops,100,India,5419,Yield,782,Coarse Grains,2008,13200,Fc,Calculated data
922,QC,Crops,100,India,5419,Yield,782,Coarse Grains,2009,10965,Fc,Calculated data
923,QC,Crops,100,India,5419,Yield,782,Coarse Grains,2010,12230,Fc,Calculated data
924,QC,Crops,100,India,5419,Yield,782,Coarse Grains,2011,12714,Fc,Calculated data
925,QC,Crops,100,India,5419,Yield,782,Coarse Grains,2012,12989,Fc,Calculated data
926,QC,Crops,100,India,5419,Yield,782,Coarse Grains,2013,10800,Fc,Calculated data
927,QC,Crops,100,India,5419,Yield,826,Raw Tobacco,1994,14628,Fc,Calculated data
928,QC,Crops,100,India,5419,Yield,826,Raw Tobacco,1995,14874,Fc,Calculated data
929,QC,Crops,100,India,5419,Yield,826,Raw Tobacco,1996,13584,Fc,Calculated data
930,QC,Crops,100,India,5419,Yield,826,Raw Tobacco,1997,14439,Fc,Calculated data
931,QC,Crops,100,India,5419,Yield,826,Raw Tobacco,1998,13922,Fc,Calculated data
932,QC,Crops,100,India,5419,Yield,826,Raw Tobacco,1999,14489,Fc,Calculated data
933,QC,Crops,100,India,5419,Yield,826,Raw Tobacco,2000,11998,Fc,Calculated data
934,QC,Crops,100,India,5419,Yield,826,Raw Tobacco,2001,13077,Fc,Calculated data
935,QC,Crops,100,India,5419,Yield,826,Raw Tobacco,2002,15714,Fc,Calculated data
936,QC,Crops,100,India,5419,Yield,826,Raw Tobacco,2003,14848,Fc,Calculated data
937,QC,Crops,100,India,5419,Yield,826,Raw Tobacco,2004,14874,Fc,Calculated data
938,QC,Crops,100,India,5419,Yield,826,Raw Tobacco,2005,14982,Fc,Calculated data
939,QC,Crops,100,India,5419,Yield,826,Raw Tobacco,2006,14812,Fc,Calculated data
940,QC,Crops,100,India,5419,Yield,826,Raw Tobacco,2007,14054,Fc,Calculated data
941,QC,Crops,100,India,5419,Yield,826,Raw Tobacco,2008,14000,Fc,Calculated data
942,QC,Crops,100,India,5419,Yield,826,Raw Tobacco,2009,15942,Fc,Calculated data
943,QC,Crops,100,India,5419,Yield,826,Raw Tobacco,2010,15531,Fc,Calculated data
944,QC,Crops,100,India,5419,Yield,826,Raw Tobacco,2011,16939,Fc,Calculated data
945,QC,Crops,100,India,5419,Yield,826,Raw Tobacco,2012,17826,Fc,Calculated data
946,QC,Crops,100,India,5419,Yield,826,Raw Tobacco,2013,16939,Fc,Calculated data
947,QC,Crops,100,India,5419,Yield,836,Rubber & natural,1994,11622,Fc,Calculated data
948,QC,Crops,100,India,5419,Yield,836,Rubber & natural,1995,13258,Fc,Calculated data
949,QC,Crops,100,India,5419,Yield,836,Rubber & natural,1996,13852,Fc,Calculated data
950,QC,Crops,100,India,5419,Yield,836,Rubber & natural,1997,14589,Fc,Calculated data
951,QC,Crops,100,India,5419,Yield,836,Rubber & natural,1998,15633,Fc,Calculated data
952,QC,Crops,100,India,5419,Yield,836,Rubber & natural,1999,15747,Fc,Calculated data
953,QC,Crops,100,India,5419,Yield,836,Rubber & natural,2000,15750,Fc,Calculated data
954,QC,Crops,100,India,5419,Yield,836,Rubber & natural,2001,15736,Fc,Calculated data
955,QC,Crops,100,India,5419,Yield,836,Rubber & natural,2002,15918,Fc,Calculated data
956,QC,Crops,100,India,5419,Yield,836,Rubber & natural,2003,16627,Fc,Calculated data
957,QC,Crops,100,India,5419,Yield,836,Rubber & natural,2004,17038,Fc,Calculated data
958,QC,Crops,100,India,5419,Yield,836,Rubber & natural,2005,17956,Fc,Calculated data
959,QC,Crops,100,India,5419,Yield,836,Rubber & natural,2006,18786,Fc,Calculated data
960,QC,Crops,100,India,5419,Yield,836,Rubber & natural,2007,17981,Fc,Calculated data
961,QC,Crops,100,India,5419,Yield,836,Rubber & natural,2008,18672,Fc,Calculated data
962,QC,Crops,100,India,5419,Yield,836,Rubber & natural,2009,17765,Fc,Calculated data
963,QC,Crops,100,India,5419,Yield,836,Rubber & natural,2010,18071,Fc,Calculated data
964,QC,Crops,100,India,5419,Yield,836,Rubber & natural,2011,18182,Fc,Calculated data
965,QC,Crops,100,India,5419,Yield,836,Rubber & natural,2012,20362,Fc,Calculated data
966,QC,Crops,100,India,5419,Yield,836,Rubber & natural,2013,20362,Fc,Calculated data
967,QC,Crops,100,India,5419,Yield,1717,Cereals,1994,21155,Fc,Calculated data
968,QC,Crops,100,India,5419,Yield,1717,Cereals,1995,21117,Fc,Calculated data
969,QC,Crops,100,India,5419,Yield,1717,Cereals,1996,21810,Fc,Calculated data
970,QC,Crops,100,India,5419,Yield,1717,Cereals,1997,22286,Fc,Calculated data
971,QC,Crops,100,India,5419,Yield,1717,Cereals,1998,22484,Fc,Calculated data
972,QC,Crops,100,India,5419,Yield,1717,Cereals,1999,23137,Fc,Calculated data
973,QC,Crops,100,India,5419,Yield,1717,Cereals,2000,22942,Fc,Calculated data
974,QC,Crops,100,India,5419,Yield,1717,Cereals,2001,24231,Fc,Calculated data
975,QC,Crops,100,India,5419,Yield,1717,Cereals,2002,21873,Fc,Calculated data
976,QC,Crops,100,India,5419,Yield,1717,Cereals,2003,23994,Fc,Calculated data
977,QC,Crops,100,India,5419,Yield,1717,Cereals,2004,23500,Fc,Calculated data
978,QC,Crops,100,India,5419,Yield,1717,Cereals,2005,24116,Fc,Calculated data
979,QC,Crops,100,India,5419,Yield,1717,Cereals,2006,24465,Fc,Calculated data
980,QC,Crops,100,India,5419,Yield,1717,Cereals,2007,25833,Fc,Calculated data
981,QC,Crops,100,India,5419,Yield,1717,Cereals,2008,26379,Fc,Calculated data
982,QC,Crops,100,India,5419,Yield,1717,Cereals,2009,25808,Fc,Calculated data
983,QC,Crops,100,India,5419,Yield,1717,Cereals,2010,26764,Fc,Calculated data
984,QC,Crops,100,India,5419,Yield,1717,Cereals,2011,28607,Fc,Calculated data
985,QC,Crops,100,India,5419,Yield,1717,Cereals,2012,30100,Fc,Calculated data
986,QC,Crops,100,India,5419,Yield,1717,Cereals,2013,29634,Fc,Calculated data
987,QC,Crops,100,India,5419,Yield,1717,Cereals,2014,29811,Fc,Calculated data
988,QC,Crops,100,India,5419,Yield,1726,Pulses,1994,6012,Fc,Calculated data
989,QC,Crops,100,India,5419,Yield,1726,Pulses,1995,6541,Fc,Calculated data
990,QC,Crops,100,India,5419,Yield,1726,Pulses,1996,5771,Fc,Calculated data
991,QC,Crops,100,India,5419,Yield,1726,Pulses,1997,6196,Fc,Calculated data
992,QC,Crops,100,India,5419,Yield,1726,Pulses,1998,5855,Fc,Calculated data
993,QC,Crops,100,India,5419,Yield,1726,Pulses,1999,6912,Fc,Calculated data
994,QC,Crops,100,India,5419,Yield,1726,Pulses,2000,7042,Fc,Calculated data
995,QC,Crops,100,India,5419,Yield,1726,Pulses,2001,6540,Fc,Calculated data
996,QC,Crops,100,India,5419,Yield,1726,Pulses,2002,6034,Fc,Calculated data
997,QC,Crops,100,India,5419,Yield,1726,Pulses,2003,5810,Fc,Calculated data
998,QC,Crops,100,India,5419,Yield,1726,Pulses,2004,5897,Fc,Calculated data
999,QC,Crops,100,India,5419,Yield,1726,Pulses,2005,5846,Fc,Calculated data
1000,QC,Crops,100,India,5419,Yield,1726,Pulses,2006,6123,Fc,Calculated data
1001,QC,Crops,100,India,5419,Yield,1726,Pulses,2007,6055,Fc,Calculated data
1002,QC,Crops,100,India,5419,Yield,1726,Pulses,2008,6152,Fc,Calculated data
1003,QC,Crops,100,India,5419,Yield,1726,Pulses,2009,6706,Fc,Calculated data
1004,QC,Crops,100,India,5419,Yield,1726,Pulses,2010,6496,Fc,Calculated data
1005,QC,Crops,100,India,5419,Yield,1726,Pulses,2011,6163,Fc,Calculated data
1006,QC,Crops,100,India,5419,Yield,1726,Pulses,2012,6385,Fc,Calculated data
1007,QC,Crops,100,India,5419,Yield,1726,Pulses,2013,6500,Fc,Calculated data
1008,QC,Crops,100,India,5419,Yield,1726,Pulses,2014,6544,Fc,Calculated data
1009,QC,Crops,100,India,5419,Yield,1729,Lentils,1994,6370,Fc,Calculated data
1010,QC,Crops,100,India,5419,Yield,1729,Lentils,1995,5722,Fc,Calculated data
1011,QC,Crops,100,India,5419,Yield,1729,Lentils,1996,6728,Fc,Calculated data
1012,QC,Crops,100,India,5419,Yield,1729,Lentils,1997,6590,Fc,Calculated data
1013,QC,Crops,100,India,5419,Yield,1729,Lentils,1998,5532,Fc,Calculated data
1014,QC,Crops,100,India,5419,Yield,1729,Lentils,1999,6628,Fc,Calculated data
1015,QC,Crops,100,India,5419,Yield,1729,Lentils,2000,7693,Fc,Calculated data
1016,QC,Crops,100,India,5419,Yield,1729,Lentils,2001,6560,Fc,Calculated data
1017,QC,Crops,100,India,5419,Yield,1729,Lentils,2002,6409,Fc,Calculated data
1018,QC,Crops,100,India,5419,Yield,1729,Lentils,2003,6633,Fc,Calculated data
1019,QC,Crops,100,India,5419,Yield,1729,Lentils,2004,7020,Fc,Calculated data
1020,QC,Crops,100,India,5419,Yield,1729,Lentils,2005,6770,Fc,Calculated data
1021,QC,Crops,100,India,5419,Yield,1729,Lentils,2006,7018,Fc,Calculated data
1022,QC,Crops,100,India,5419,Yield,1729,Lentils,2007,7380,Fc,Calculated data
1023,QC,Crops,100,India,5419,Yield,1729,Lentils,2008,7810,Fc,Calculated data
1024,QC,Crops,100,India,5419,Yield,1729,Lentils,2009,7913,Fc,Calculated data
1025,QC,Crops,100,India,5419,Yield,1729,Lentils,2010,6825,Fc,Calculated data
1026,QC,Crops,100,India,5419,Yield,1729,Lentils,2011,7222,Fc,Calculated data
1027,QC,Crops,100,India,5419,Yield,1729,Lentils,2012,7571,Fc,Calculated data
1028,QC,Crops,100,India,5419,Yield,1729,Lentils,2013,7713,Fc,Calculated data
1029,QC,Crops,100,India,5419,Yield,1732,Oils,1994,2431,Fc,Calculated data
1030,QC,Crops,100,India,5419,Yield,1732,Oils,1995,2384,Fc,Calculated data
1031,QC,Crops,100,India,5419,Yield,1732,Oils,1996,2511,Fc,Calculated data
1032,QC,Crops,100,India,5419,Yield,1732,Oils,1997,2446,Fc,Calculated data
1033,QC,Crops,100,India,5419,Yield,1732,Oils,1998,2310,Fc,Calculated data
1034,QC,Crops,100,India,5419,Yield,1732,Oils,1999,2200,Fc,Calculated data
1035,QC,Crops,100,India,5419,Yield,1732,Oils,2000,2242,Fc,Calculated data
1036,QC,Crops,100,India,5419,Yield,1732,Oils,2001,2265,Fc,Calculated data
1037,QC,Crops,100,India,5419,Yield,1732,Oils,2002,2069,Fc,Calculated data
1038,QC,Crops,100,India,5419,Yield,1732,Oils,2003,2606,Fc,Calculated data
1039,QC,Crops,100,India,5419,Yield,1732,Oils,2004,2451,Fc,Calculated data
1040,QC,Crops,100,India,5419,Yield,1732,Oils,2005,2692,Fc,Calculated data
1041,QC,Crops,100,India,5419,Yield,1732,Oils,2006,2626,Fc,Calculated data
1042,QC,Crops,100,India,5419,Yield,1732,Oils,2007,3062,Fc,Calculated data
1043,QC,Crops,100,India,5419,Yield,1732,Oils,2008,2623,Fc,Calculated data
1044,QC,Crops,100,India,5419,Yield,1732,Oils,2009,2581,Fc,Calculated data
1045,QC,Crops,100,India,5419,Yield,1732,Oils,2010,3050,Fc,Calculated data
1046,QC,Crops,100,India,5419,Yield,1732,Oils,2011,2992,Fc,Calculated data
1047,QC,Crops,100,India,5419,Yield,1732,Oils,2012,2791,Fc,Calculated data
1048,QC,Crops,100,India,5419,Yield,1732,Oils,2013,3028,Fc,Calculated data
1049,QC,Crops,100,India,5419,Yield,1732,Oils,2014,2775,Fc,Calculated data
1050,QC,Crops,100,India,5419,Yield,1751,Jute products,1994,16895,Fc,Calculated data
1051,QC,Crops,100,India,5419,Yield,1751,Jute products,1995,16393,Fc,Calculated data
1052,QC,Crops,100,India,5419,Yield,1751,Jute products,1996,18869,Fc,Calculated data
1053,QC,Crops,100,India,5419,Yield,1751,Jute products,1997,18100,Fc,Calculated data
1054,QC,Crops,100,India,5419,Yield,1751,Jute products,1998,17222,Fc,Calculated data
1055,QC,Crops,100,India,5419,Yield,1751,Jute products,1999,18359,Fc,Calculated data
1056,QC,Crops,100,India,5419,Yield,1751,Jute products,2000,18497,Fc,Calculated data
1057,QC,Crops,100,India,5419,Yield,1751,Jute products,2001,20024,Fc,Calculated data
1058,QC,Crops,100,India,5419,Yield,1751,Jute products,2002,19746,Fc,Calculated data
1059,QC,Crops,100,India,5419,Yield,1751,Jute products,2003,19860,Fc,Calculated data
1060,QC,Crops,100,India,5419,Yield,1751,Jute products,2004,20054,Fc,Calculated data
1061,QC,Crops,100,India,5419,Yield,1751,Jute products,2005,21652,Fc,Calculated data
1062,QC,Crops,100,India,5419,Yield,1751,Jute products,2006,21677,Fc,Calculated data
1063,QC,Crops,100,India,5419,Yield,1751,Jute products,2007,20959,Fc,Calculated data
1064,QC,Crops,100,India,5419,Yield,1751,Jute products,2008,20771,Fc,Calculated data
1065,QC,Crops,100,India,5419,Yield,1751,Jute products,2009,23122,Fc,Calculated data
1066,QC,Crops,100,India,5419,Yield,1751,Jute products,2010,22296,Fc,Calculated data
1067,QC,Crops,100,India,5419,Yield,1751,Jute products,2011,23301,Fc,Calculated data
1068,QC,Crops,100,India,5419,Yield,1751,Jute products,2012,22830,Fc,Calculated data
1069,QC,Crops,100,India,5419,Yield,1751,Jute products,2013,22800,Fc,Calculated data
1070,QC,Crops,100,India,5419,Yield,1753,Coarse Grains,1994,4170,Fc,Calculated data
1071,QC,Crops,100,India,5419,Yield,1753,Coarse Grains,1995,3795,Fc,Calculated data
1072,QC,Crops,100,India,5419,Yield,1753,Coarse Grains,1996,4398,Fc,Calculated data
1073,QC,Crops,100,India,5419,Yield,1753,Coarse Grains,1997,3842,Fc,Calculated data
1074,QC,Crops,100,India,5419,Yield,1753,Coarse Grains,1998,3718,Fc,Calculated data
1075,QC,Crops,100,India,5419,Yield,1753,Coarse Grains,1999,3958,Fc,Calculated data
1076,QC,Crops,100,India,5419,Yield,1753,Coarse Grains,2000,3671,Fc,Calculated data
1077,QC,Crops,100,India,5419,Yield,1753,Coarse Grains,2001,3766,Fc,Calculated data
1078,QC,Crops,100,India,5419,Yield,1753,Coarse Grains,2002,4039,Fc,Calculated data
1079,QC,Crops,100,India,5419,Yield,1753,Coarse Grains,2003,5059,Fc,Calculated data
1080,QC,Crops,100,India,5419,Yield,1753,Coarse Grains,2004,4788,Fc,Calculated data
1081,QC,Crops,100,India,5419,Yield,1753,Coarse Grains,2005,5321,Fc,Calculated data
1082,QC,Crops,100,India,5419,Yield,1753,Coarse Grains,2006,5819,Fc,Calculated data
1083,QC,Crops,100,India,5419,Yield,1753,Coarse Grains,2007,6183,Fc,Calculated data
1084,QC,Crops,100,India,5419,Yield,1753,Coarse Grains,2008,5517,Fc,Calculated data
1085,QC,Crops,100,India,5419,Yield,1753,Coarse Grains,2009,5548,Fc,Calculated data
1086,QC,Crops,100,India,5419,Yield,1753,Coarse Grains,2010,6326,Fc,Calculated data
1087,QC,Crops,100,India,5419,Yield,1753,Coarse Grains,2011,6167,Fc,Calculated data
1088,QC,Crops,100,India,5419,Yield,1753,Coarse Grains,2012,6095,Fc,Calculated data
1089,QC,Crops,100,India,5419,Yield,1753,Coarse Grains,2013,6432,Fc,Calculated data
1090,QC,Crops,100,India,5419,Yield,1814,Coarse Grains,1994,9143,Fc,Calculated data
1091,QC,Crops,100,India,5419,Yield,1814,Coarse Grains,1995,9307,Fc,Calculated data
1092,QC,Crops,100,India,5419,Yield,1814,Coarse Grains,1996,10710,Fc,Calculated data
1093,QC,Crops,100,India,5419,Yield,1814,Coarse Grains,1997,9796,Fc,Calculated data
1094,QC,Crops,100,India,5419,Yield,1814,Coarse Grains,1998,10704,Fc,Calculated data
1095,QC,Crops,100,India,5419,Yield,1814,Coarse Grains,1999,10345,Fc,Calculated data
1096,QC,Crops,100,India,5419,Yield,1814,Coarse Grains,2000,10296,Fc,Calculated data
1097,QC,Crops,100,India,5419,Yield,1814,Coarse Grains,2001,11263,Fc,Calculated data
1098,QC,Crops,100,India,5419,Yield,1814,Coarse Grains,2002,9699,Fc,Calculated data
1099,QC,Crops,100,India,5419,Yield,1814,Coarse Grains,2003,12346,Fc,Calculated data
1100,QC,Crops,100,India,5419,Yield,1814,Coarse Grains,2004,11258,Fc,Calculated data
1101,QC,Crops,100,India,5419,Yield,1814,Coarse Grains,2005,11423,Fc,Calculated data
1102,QC,Crops,100,India,5419,Yield,1814,Coarse Grains,2006,11849,Fc,Calculated data
1103,QC,Crops,100,India,5419,Yield,1814,Coarse Grains,2007,13865,Fc,Calculated data
1104,QC,Crops,100,India,5419,Yield,1814,Coarse Grains,2008,14587,Fc,Calculated data
1105,QC,Crops,100,India,5419,Yield,1814,Coarse Grains,2009,12520,Fc,Calculated data
1106,QC,Crops,100,India,5419,Yield,1814,Coarse Grains,2010,14978,Fc,Calculated data
1107,QC,Crops,100,India,5419,Yield,1814,Coarse Grains,2011,15641,Fc,Calculated data
1108,QC,Crops,100,India,5419,Yield,1814,Coarse Grains,2012,16355,Fc,Calculated data
1109,QC,Crops,100,India,5419,Yield,1814,Coarse Grains,2013,16112,Fc,Calculated data
1110,QC,Crops,100,India,5419,Yield,1814,Coarse Grains,2014,17607,Fc,Calculated data
1111,QC,Crops,100,India,5419,Yield,1817,Cereals,1994,17079,Fc,Calculated data
1112,QC,Crops,100,India,5419,Yield,1817,Cereals,1995,17252,Fc,Calculated data
1113,QC,Crops,100,India,5419,Yield,1817,Cereals,1996,17743,Fc,Calculated data
1114,QC,Crops,100,India,5419,Yield,1817,Cereals,1997,18174,Fc,Calculated data
1115,QC,Crops,100,India,5419,Yield,1817,Cereals,1998,18225,Fc,Calculated data
1116,QC,Crops,100,India,5419,Yield,1817,Cereals,1999,18750,Fc,Calculated data
1117,QC,Crops,100,India,5419,Yield,1817,Cereals,2000,18797,Fc,Calculated data
1118,QC,Crops,100,India,5419,Yield,1817,Cereals,2001,19585,Fc,Calculated data
1119,QC,Crops,100,India,5419,Yield,1817,Cereals,2002,18076,Fc,Calculated data
1120,QC,Crops,100,India,5419,Yield,1817,Cereals,2003,19510,Fc,Calculated data
1121,QC,Crops,100,India,5419,Yield,1817,Cereals,2004,19255,Fc,Calculated data
1122,QC,Crops,100,India,5419,Yield,1817,Cereals,2005,19508,Fc,Calculated data
1123,QC,Crops,100,India,5419,Yield,1817,Cereals,2006,19796,Fc,Calculated data
1124,QC,Crops,100,India,5419,Yield,1817,Cereals,2007,21059,Fc,Calculated data
1125,QC,Crops,100,India,5419,Yield,1817,Cereals,2008,21505,Fc,Calculated data
1126,QC,Crops,100,India,5419,Yield,1817,Cereals,2009,21159,Fc,Calculated data
1127,QC,Crops,100,India,5419,Yield,1817,Cereals,2010,21973,Fc,Calculated data
1128,QC,Crops,100,India,5419,Yield,1817,Cereals,2011,23382,Fc,Calculated data
1129,QC,Crops,100,India,5419,Yield,1817,Cereals,2012,24707,Fc,Calculated data
1130,QC,Crops,100,India,5419,Yield,1817,Cereals,2013,24289,Fc,Calculated data
1131,QC,Crops,100,India,5419,Yield,1817,Cereals,2014,24503,Fc,Calculated data
1132,QC,Crops,100,India,5419,Yield,1841,Oils,1994,4011,Fc,Calculated data
1133,QC,Crops,100,India,5419,Yield,1841,Oils,1995,4149,Fc,Calculated data
1134,QC,Crops,100,India,5419,Yield,1841,Oils,1996,4360,Fc,Calculated data
1135,QC,Crops,100,India,5419,Yield,1841,Oils,1997,4411,Fc,Calculated data
1136,QC,Crops,100,India,5419,Yield,1841,Oils,1998,4262,Fc,Calculated data
1137,QC,Crops,100,India,5419,Yield,1841,Oils,1999,4247,Fc,Calculated data
1138,QC,Crops,100,India,5419,Yield,1841,Oils,2000,4001,Fc,Calculated data
1139,QC,Crops,100,India,5419,Yield,1841,Oils,2001,4138,Fc,Calculated data
1140,QC,Crops,100,India,5419,Yield,1841,Oils,2002,3703,Fc,Calculated data
1141,QC,Crops,100,India,5419,Yield,1841,Oils,2003,5026,Fc,Calculated data
1142,QC,Crops,100,India,5419,Yield,1841,Oils,2004,4644,Fc,Calculated data
1143,QC,Crops,100,India,5419,Yield,1841,Oils,2005,5152,Fc,Calculated data
1144,QC,Crops,100,India,5419,Yield,1841,Oils,2006,5289,Fc,Calculated data
1145,QC,Crops,100,India,5419,Yield,1841,Oils,2007,6144,Fc,Calculated data
1146,QC,Crops,100,India,5419,Yield,1841,Oils,2008,5311,Fc,Calculated data
1147,QC,Crops,100,India,5419,Yield,1841,Oils,2009,5322,Fc,Calculated data
1148,QC,Crops,100,India,5419,Yield,1841,Oils,2010,6557,Fc,Calculated data
1149,QC,Crops,100,India,5419,Yield,1841,Oils,2011,6359,Fc,Calculated data
1150,QC,Crops,100,India,5419,Yield,1841,Oils,2012,6395,Fc,Calculated data
1151,QC,Crops,100,India,5419,Yield,1841,Oils,2013,6282,Fc,Calculated data
1152,QC,Crops,100,India,5419,Yield,1841,Oils,2014,5775,Fc,Calculated data
